,tf,tt,annualYieldRate,annualExcessYieldRate,MonthlyYieldRate,MonthlyExcessYieldRate,annualYieldRate(non-compounding),annualExcessYieldRate(non-compounding),originalYieldRate,originalYieldExcessYieldRate,openingTimes,closingTimes,ATF,HTF,TF,SharpeRate(annual),SharpeRate(original)
0,1,1,0.20971187963095045,0.04044298458821796,-0.003821318255400489,-0.0005622168736905134,-0.045855819064805875,-0.006746602484286163,-0.003821318255400489,-0.0005622168736905134,0.2497904734790668,0.0016644745620556223,679.8430268939603,4567.859147286556,5247.7021741805165,1.6633448024437163,-0.6554126730755931
1,1,2,0.007903687896743443,-0.0006774156544138716,-0.0014392286677756146,-0.0005460904204514561,-0.017270744013307377,-0.006553085045417473,-0.0028784573355512292,-0.0010921808409029123,0.2706222581158626,0.002179142601170393,690.7137050997475,4630.823642002606,5321.537347102354,0.35467727939564286,-0.4332394027244482
2,1,3,-0.0004901164473910049,-0.00173885853984855,-0.0008687607380806472,-0.0005503132063781924,-0.010425128856967765,-0.0066037584765383074,-0.002606282214241941,-0.0016509396191345769,0.27644225366299424,0.0022620414411459186,696.9091300630403,4647.567582853226,5344.4767129162665,-0.05034126676882152,-0.36919761129078843
3,1,4,-0.0008329752638239775,-0.0010677450106218868,-0.0005625826947054721,-0.0003982384570220026,-0.006750992336465667,-0.004778861484264031,-0.0022503307788218885,-0.0015929538280880103,0.2772961774089443,0.0022620414411459186,697.6212152563705,4644.496161582655,5342.117376839024,-0.1568240559934215,-0.3233782179541578
4,1,5,-0.00036591816681084445,-0.0009093079362670931,-0.00028161934737659184,-0.0003975515833328225,-0.0033794321685191014,-0.00477061899999387,-0.0014080967368829583,-0.001987757916664112,0.264891874183241,0.002296314796314796,691.4226796294687,4613.812632846553,5305.235312476022,-0.10073093862487406,-0.18733461246904043
5,1,6,-0.00028607444258548745,-0.0005807232700793595,-0.00020811008794599295,-0.00030009156129890476,-0.0024973210553519156,-0.003601098735586858,-0.0012486605276759578,-0.001800549367793429,0.26739335074189924,0.0023638465667451176,692.9462398361696,4628.538632609276,5321.484872445446,-0.09892424818097027,-0.14476847013460648
6,1,7,-0.0005223837102168947,-0.00042512901694834746,-0.00033868420771615603,-0.00025312886164257563,-0.0040642104925938715,-0.0030375463397109064,-0.0023707894540130918,-0.0017719020314980287,0.26571836895474793,0.0023638465667451176,697.4306727053136,4588.921805203183,5286.352477908497,-0.24085445413598655,-0.26853042059816773
7,1,8,-0.00041124294600790946,-0.0003301677122796449,-0.00029248398868247954,-0.00022288213600890573,-0.0035098078641897547,-0.0026745856321068683,-0.0023398719094598363,-0.0017830570880712458,0.2675052240038534,0.0023638465667451176,697.4275208078946,4595.197278142472,5292.624798950367,-0.24728969886791696,-0.2643120135039016
8,1,9,-0.0005191706265063129,-0.0003896310371687087,-0.0003989588083348998,-0.00029348416770545743,-0.004787505700018799,-0.00352181001246549,-0.003590629275014099,-0.002641357509349117,0.26418061654391545,0.0023638465667451176,697.8941151958103,4571.589967993625,5269.484083189435,-0.5390906568046732,-0.552004688476161
9,1,10,-0.00048539665626487916,-0.00025466258144456644,-0.0004090956565153104,-0.00021276061645814602,-0.004909147878183725,-0.0025531273974977522,-0.004090956565153105,-0.00212760616458146,0.26085472920078867,0.0023871565900551407,694.013010512218,4543.8447834231265,5237.857793935345,-0.7964860629579918,-0.8057578521359838
10,1,11,-0.0005060389429065973,-0.00022609648896485806,-0.00046562670485298334,-0.00020745639087341324,-0.005587520458235801,-0.0024894766904809584,-0.005121893753382818,-0.0022820202996075454,0.27140310928028777,0.001901637938427236,687.5027822261458,4631.516199883137,5319.018982109283,-0.9513307834973159,-0.9550286316517455
11,1,12,-0.0003530508534278272,-0.00019274086681423213,-0.0003530508534278284,-0.0001927408668142312,-0.004236610241133941,-0.0023128904017707744,-0.004236610241133941,-0.0023128904017707744,0.2731122749012026,0.0019253065774804904,693.0188270655298,4612.844641489311,5305.86346855484,-0.7867392832233833,-0.7867392832233905
12,2,1,0.4360852690541877,0.0355491968096699,0.0002389348124154302,-0.0011638424333841023,0.0028672177489851547,-0.013966109200609228,0.0002389348124154302,-0.0011638424333841023,0.26811006314040875,0.002742282593028862,708.4364376686837,4433.86212591781,5142.298563586493,3.778318289491272,0.04303428564357592
13,2,2,0.024321902803854333,0.000853845569282338,-2.3282797555295554e-05,-0.0003397609204850347,-0.00027939357066355,-0.004077131045820416,-4.656559511059111e-05,-0.0006795218409700694,0.2899819352623814,0.005055105204358936,717.3267928591889,4492.89536124288,5210.222154102069,1.290240719906382,-0.008164537802348713
14,2,3,0.005494107720868426,-0.00037299998741157736,0.00018298079294134408,-0.00024498135051805676,0.0021957695152961284,-0.002939776206216682,0.0005489423788240321,-0.0007349440515541704,0.2918254856866154,0.004593840502931413,716.2078382547236,4526.563514131874,5242.771352386598,0.6254193348482446,0.08739058354623307
15,2,4,0.002378235005791843,-0.00030801530193830885,0.00028971957340667357,-0.00018529301782873925,0.003476634880880083,-0.002223516213944871,0.0011588782936266943,-0.000741172071314957,0.29211651620460216,0.00469176092381834,717.7544571003497,4522.952047345931,5240.7065044462815,0.43217801967456526,0.17391287381942633
16,2,5,0.0015024506021772866,-0.00033364569854663664,0.0004046942876053031,-0.00017511991706469903,0.004856331451263638,-0.002101439004776388,0.0020234714380265167,-0.000875599585323495,0.28940115547093215,0.004769823214696172,717.7366417652348,4532.639731594441,5250.376373359677,0.44518460625897294,0.30285286918972787
17,2,6,0.000965194820038778,-0.0002575251144603945,0.00037257015973247705,-0.00014653153803282617,0.004470841916789724,-0.0017583784563939143,0.002235420958394862,-0.0008791892281969572,0.289434107319038,0.004819183269361829,716.1493471635117,4548.053976789242,5264.2033239527545,0.42072014386435613,0.3346094624087195
18,2,7,0.0005815288432982382,-0.00016284493621448543,0.0002810051833463854,-0.000104426486205466,0.0033720622001566242,-0.001253117834465592,0.001967036283424698,-0.000730985403438262,0.28271721544545175,0.004970155355817787,712.2470386710264,4496.56933456795,5208.816373238978,0.33723342205402274,0.2844915684604047
19,2,8,0.00023592813737720404,-0.00016103374040790164,0.00012580594168791695,-0.00011243787790086093,0.0015096713002550033,-0.0013492545348103313,0.0010064475335033356,-0.0008995030232068874,0.2820918294317059,0.00507585276187817,714.8655349493392,4490.653793607895,5205.519328557234,0.18153229885691594,0.146879920659099
20,2,9,2.2466624467655054e-05,-0.00013336104721115716,3.820380385989499e-07,-0.00010270824246202986,4.584456463187866e-06,-0.0012324989095443583,3.4383423473905256e-06,-0.0009243741821582691,0.2832886961413195,0.004676373014572336,715.060073517846,4494.2208681767415,5209.280941694587,0.021846094306234524,0.0004986549301136375
21,2,10,-0.00013794610955837985,-9.33533530442009e-05,-0.00012309102348249514,-7.912071666640354e-05,-0.0014770922817899414,-0.0009494485999968428,-0.0012309102348249516,-0.0007912071666640355,0.2782408321403961,0.004779632328357965,709.6339017252973,4491.3391695437895,5200.973071269086,-0.16273212934303244,-0.17490172879504892
22,2,11,-8.655909624822648e-05,-8.984945260506728e-05,-8.241265582847169e-05,-8.286078029030458e-05,-0.0009889518699416609,-0.000994329363483655,-0.0009065392141131886,-0.0009114685831933503,0.2819296635139214,0.004829908849222722,709.9044390965654,4505.30561792954,5215.2100570261055,-0.12247178743397902,-0.12739817100195644
23,2,12,-1.251898618370203e-05,-7.711502038401007e-05,-1.2518986183701526e-05,-7.711502038400696e-05,-0.00015022783420441785,-0.0009253802446080834,-0.00015022783420441785,-0.0009253802446080835,0.28125589309398047,0.004899131940758186,709.2081236554211,4518.712177899298,5227.920301554719,-0.020917599408556774,-0.020917599408555896
24,3,1,0.4167884967342509,0.02310812951418643,-0.003182532887656284,-0.002169671929032582,-0.03819039465187542,-0.026036063148390992,-0.003182532887656284,-0.002169671929032582,0.27199686275550083,0.001085840638079444,728.0870163638369,4308.661976782452,5036.74899314629,2.625151733532132,-0.5073191209293759
25,3,2,0.02570203370599209,-0.004339110054368284,-0.00030803351000662253,-0.00131277494013362,-0.003696402120079468,-0.015753299281603447,-0.0006160670200132451,-0.00262554988026724,0.31362189461214635,0.002267793934460601,743.6153788914263,4468.880903018715,5212.496281910141,1.0495133765919025,-0.08181618620032423
26,3,3,0.005178936675658117,-0.0027537877749760943,1.811345482664926e-05,-0.0008702084506594177,0.00021736145791979156,-0.010442501407913014,5.434036447994789e-05,-0.0026106253519782535,0.32322222180787324,0.002267793934460601,750.3181770120527,4479.960559549541,5230.278736561596,0.4541967289856288,0.006564407955877381
27,3,4,0.0018318295300432648,-0.0016270089689023979,0.00011177118566906138,-0.0006114209388230259,0.0013412542280287346,-0.00733705126587631,0.0004470847426762455,-0.0024456837552921037,0.32524209336009957,0.002267793934460601,751.3934740653972,4488.988507129687,5240.381981195083,0.28463356576537974,0.05285313552016895
28,3,5,0.0013235866206903297,-0.001138413184434741,0.000327013709805767,-0.0005056060745643893,0.003924164517669206,-0.006067272894772671,0.0016350685490288356,-0.002528030372821946,0.3235940173136456,0.0017066267066267067,752.4317852955753,4485.918419900556,5238.35020519613,0.320784802008888,0.19177208953501598
29,3,6,0.0013975487407305793,-0.0008603118289322028,0.0005888620241564218,-0.00044613800109079597,0.007066344289877062,-0.005353656013089553,0.0035331721449385306,-0.0026768280065447765,0.3186984199365098,0.0017066267066267067,755.0769393157034,4477.42954161975,5232.506480935453,0.4843292973485295,0.4099545296132
30,3,7,0.0009622900361272242,-0.0005826312132267242,0.0005025836978297661,-0.00034795881458353587,0.006031004373957192,-0.0041755057750024315,0.0035180858848083627,-0.0024357117020847516,0.3150361349561721,0.0017066267066267067,754.5500631523677,4419.353525418245,5173.903588570613,0.5417586048912876,0.48725423515738897
31,3,8,0.0004472617486156304,-0.0004402125057986741,0.0002666509337123786,-0.000297914221134159,0.0031998112045485425,-0.003574970653609907,0.0021332074696990286,-0.002383313769073272,0.31751666932006284,0.0018037518037518038,758.6839266764425,4419.083128072453,5177.767054748897,0.3278909666611811,0.29402460903723693
32,3,9,0.0003411705320383042,-0.00034206547046008936,0.00023864782676565502,-0.00025884317092321024,0.002863773921187861,-0.0031061180510785226,0.0021478304408908953,-0.002329588538308892,0.31926800546721296,0.0019185360094451005,759.9624740223803,4429.848098430142,5189.810572452521,0.32129102867964876,0.30019766371450163
33,3,10,6.985114699519327e-05,-0.00025665716498220675,5.0038741487429803e-05,-0.0002149995717497778,0.0006004648978491586,-0.0025799948609973346,0.0005003874148742987,-0.0021499957174977782,0.31928062771067695,0.0019185360094451005,756.8914718551315,4428.338358620659,5185.229830475791,0.08124993066096273,0.06992173341028261
34,3,11,6.774234303494301e-05,-0.00021787267266516915,5.898743239900074e-05,-0.00020014273007179265,0.0007078491887880095,-0.0024017127608615117,0.0006488617563890084,-0.0022015700307897183,0.32268691048567616,0.0019185360094451005,757.3956669727384,4453.4444143384135,5210.840081311153,0.09288271452836032,0.08826980897649167
35,3,12,0.00023472012866417543,-0.00018529944928943483,0.000234720128664175,-0.0001852994492894374,0.0028166415439701007,-0.0022235933914732486,0.0028166415439701,-0.0022235933914732486,0.3142930159916856,0.0019185360094451005,756.8566726724728,4450.147133443432,5207.003806115905,0.3833566999823974,0.383356699982397
36,4,1,0.6509447854402125,0.0774964362701489,-0.0038950663168932863,-0.0007637877168989572,-0.046740795802719434,-0.009165452602787486,-0.0038950663168932863,-0.0007637877168989572,0.30938918928285,0.0007219149010193786,755.9228811042464,4393.650092450415,5149.572973554662,2.8505611654743457,-0.5417030535288268
37,4,2,0.02570403252611859,0.0022693750060446597,-0.00179449117106265,-0.0006800473062501654,-0.0215338940527518,-0.008160567675001987,-0.0035889823421253,-0.001360094612500331,0.36123469481940745,0.0007510849004117058,771.2071206953368,4549.902940740033,5321.110061435371,0.7611771331306615,-0.4064878536401106
38,4,3,0.004867936006390491,0.0006409925077650177,-0.0006302761595111767,-0.00016864170421847997,-0.007563313914134121,-0.002023700450621759,-0.0018908284785335307,-0.0005059251126554397,0.3723162901104049,0.00036075036075036075,778.3616362660242,4589.583723593887,5367.945359859912,0.34506179644957163,-0.19544442975606374
39,4,4,0.0009543642545975253,-0.00011565565633333419,-0.0003998528826403128,-0.00018021728635759338,-0.004798234591683752,-0.0021626074362911204,-0.0015994115305612512,-0.0007208691454303735,0.3807915554532742,0.0003695491500369549,781.0391693524379,4620.287133449817,5401.326302802255,0.11603236672851584,-0.15243161326991891
40,4,5,0.0010207308719091253,3.48596886534385e-05,8.567784328687933e-05,-6.100381326713997e-05,0.0010281341194425546,-0.0007320457592056804,0.00042838921643439704,-0.0003050190663356999,0.38934072040456624,0.0003787878787878788,786.2933060424266,4644.2182763526025,5430.511582395029,0.18371937687966267,0.03811012275874787
41,4,6,0.0007856036067230507,4.592541477096618e-05,0.00022412334870688637,-1.56277604345274e-05,0.0026894801844826355,-0.00018753312521432863,0.0013447400922413178,-9.376656260716429e-05,0.37581361741482205,0.0003846153846153846,780.8273705473129,4597.824679292237,5378.652049839549,0.20536674752879666,0.1191641042032099
42,4,7,0.00014525695715884184,-2.4147767735402457e-05,-1.0835727580686816e-05,-3.419774392994625e-05,-0.00013002873096824147,-0.0004103729271593547,-7.58500930648072e-05,-0.00023938420750962373,0.3812437313250986,0.0003944773175542406,785.451652603051,4569.418120640448,5354.869773243499,0.051610304529875375,-0.006668781838221444
43,4,8,-0.0002036565094852464,-8.287550059363696e-05,-0.00018377317801673523,-6.639499551518023e-05,-0.002205278136200823,-0.0007967399461821629,-0.0014701854241338818,-0.0005311599641214419,0.390432023164214,0.0004048582995951417,788.2522661987807,4616.657368298989,5404.909634497769,-0.08170831260337637,-0.1111318618099161
44,4,9,-0.0005273187164024621,-0.0001369889648729769,-0.00042030931088180484,-0.00010815981719096952,-0.00504371173058166,-0.0012979178062916346,-0.0037827837979362445,-0.0009734383547187259,0.39405882343855975,0.0004158004158004158,787.0068147729544,4630.230112765774,5417.23692753873,-0.26604685588249444,-0.28347413175572406
45,4,10,-0.0004684162696925625,-1.0285193657903286e-05,-0.00040266717470172943,-1.1207054013007625e-05,-0.004832006096420753,-0.00013448464815609123,-0.004026671747017294,-0.00011207054013007633,0.38506170627667075,0.00043402777777777775,775.8339835904035,4575.851601035941,5351.685584626344,-0.3263837913003383,-0.33729850002973777
46,4,11,-0.0003945576087574851,-4.665636266725474e-06,-0.00036645342890481914,-5.2858388302321776e-06,-0.00439744114685783,-6.343006596278586e-05,-0.004030987717953011,-5.814422713255429e-05,0.3861484202128079,0.00043402777777777775,776.2848314334285,4574.964201716746,5351.249033150176,-0.32488111742445397,-0.32941208150996687
47,4,12,-6.174578468809808e-05,-3.8826593200577727e-05,-6.174578468809875e-05,-3.882659320057678e-05,-0.0007409494162571856,-0.0004659191184069209,-0.0007409494162571854,-0.0004659191184069209,0.38388801982284804,0.0004608294930875576,766.3536509653203,4710.543215261389,5476.89686622671,-0.053937316055485844,-0.05393731605548642
48,5,1,0.7221981676085557,0.08358269033576161,-0.0055774864813178116,0.00029563096844848635,-0.06692983777581375,0.0035475716213818342,-0.0055774864813178116,0.00029563096844848635,0.3140739656373864,0.0012626262626262625,746.1876131403251,4291.28101092842,5037.468624068746,3.0922049735468318,-0.5153549202416627
49,5,2,0.018891378416991456,0.009401678591604635,-0.003915770760147846,0.0002514766202165375,-0.046989249121774136,0.0030177194425984517,-0.007831541520295693,0.000502953240433075,0.3778907915932335,0.002049062049062049,766.3090247104059,4510.919601644163,5277.228626354568,0.34251537528011566,-0.5154450960743324
50,5,3,-0.0014646776558349835,0.0022892644327557666,-0.0023841374265076783,0.00018209416974345233,-0.02860964911809214,0.0021851300369214294,-0.007152412279523035,0.0005462825092303574,0.40184503299637503,0.002074314574314574,779.9617014979134,4572.376346833409,5352.338048331323,-0.06288578714328497,-0.4357997419781043
51,5,4,-0.0020703521534022277,0.0016504982552280484,-0.0015468021035863252,0.00036149111655429093,-0.018561625243035902,0.004337893398651492,-0.006187208414345301,0.0014459644662171637,0.42225922829380663,0.0021017629713281885,786.9049327050703,4642.674829121279,5429.579761826348,-0.13730804889235024,-0.31878573181246656
52,5,5,-0.0006121636904461803,0.001209568842293679,-0.0006583780878116454,0.0004041106225083429,-0.007900537053739744,0.004849327470100115,-0.0032918904390582273,0.002020553112541715,0.4199458500408794,0.0022073578595317726,795.9395567678802,4631.605704342734,5427.545261110614,-0.06280230368962984,-0.16627955269349348
53,5,6,-0.0002399149591481171,0.0006921853040995244,-0.0003172686375509345,0.0002976751161700671,-0.0038072236506112153,0.0035721013940408055,-0.001903611825305608,0.0017860506970204027,0.42196744032979533,0.002318733897681266,798.1978185468006,4645.407148287052,5443.604966833853,-0.03556502060313941,-0.0953185694301648
54,5,7,0.00015869770963567554,0.0006155608851540783,-1.6298081184757053e-05,0.0003276048121678054,-0.0001955769742170853,0.003931257746013663,-0.00011408656829330066,0.0022932336851746375,0.4189466545905729,0.002363718153191837,798.7285245953891,4651.265205321922,5449.993729917311,0.030019794641552865,-0.005345006893801042
55,5,8,0.0002527864450839411,0.0004628802234768885,0.00010792421932362451,0.0002901168819307547,0.0012950906318834926,0.003481402583169056,0.0008633937545889961,0.0023209350554460376,0.4101036899353409,0.002363718153191837,797.5403891147633,4651.735225202378,5449.27561431714,0.06026461883613659,0.03892309692586705
56,5,9,-5.4253990374718735e-05,-0.00011510745674119468,-6.92787004694827e-05,-9.594667279814859e-05,-0.0008313444056337918,-0.0011513600735777831,-0.0006235083042253437,-0.0008635200551833371,0.409808704796616,0.002363718153191837,798.4434938636911,4638.3178829545095,5436.761376818199,-0.016768324136759064,-0.028478850748350378
57,5,10,-0.00024386798561879092,1.5233724430047818e-05,-0.00021730053862383504,8.055263962140126e-06,-0.0026076064634860197,9.666316754568119e-05,-0.00217300538623835,8.055263962140089e-05,0.39920377665044365,0.0024006512493354596,784.5177868632978,4599.895641106344,5384.413427969641,-0.10139489364538247,-0.10823692817279208
58,5,11,-0.00021282830123656204,-4.236226508571503e-06,-0.0002004218092556526,-5.646725787829167e-06,-0.0024050617110678322,-6.776070945394999e-05,-0.0022046399018121783,-6.21139836661211e-05,0.41452068971333084,0.002473114001936057,780.5091935863912,4698.092885266379,5478.602078852769,-0.10414027049404116,-0.1069163152976993
59,5,12,-9.805018975802647e-05,-2.88493022800879e-05,-9.805018975802454e-05,-2.8849302280087033e-05,-0.0011766022770962942,-0.00034619162736104525,-0.0011766022770962942,-0.00034619162736104525,0.41609323189680225,0.001763668430335097,781.2137872488879,4712.265281246738,5493.479068495623,-0.055882284753879276,-0.055882284753878436
60,6,1,0.6671255236197619,0.12473524902407161,-0.00364872709073945,-0.0009654883099276295,-0.0437847250888734,-0.011585859719131555,-0.00364872709073945,-0.0009654883099276295,0.2994544809956233,0.0,761.942107898223,4313.200318061108,5075.1424259593305,1.4300212394973373,-0.30651776755615096
61,6,2,0.03820640368385984,0.00012244126446771784,-0.0007329710013846464,-0.0008478870508558704,-0.008795652016615765,-0.010174644610270444,-0.0014659420027692929,-0.0016957741017117407,0.3776948506056096,0.0,798.444854332821,4524.233350000033,5322.678204332854,0.9913561481553721,-0.12131685860980818
62,6,3,0.006765733788994935,-0.0028578297260526105,-0.00037062971876059497,-0.0009489425002169854,-0.00444755662512714,-0.011387310002603825,-0.001111889156281785,-0.002846827500650956,0.40781506447199706,0.0,814.8101989047781,4599.7058697137845,5414.516068618563,0.410642668212701,-0.09065785351334663
63,6,4,0.002958549245376898,-0.0012728271950933798,6.474846542906101e-05,-0.0005467489455952947,0.0007769815851487339,-0.006560987347143536,0.00025899386171624405,-0.0021869957823811787,0.4353385943641057,0.0,828.5736539382895,4667.652047974069,5496.22570191236,0.28636123471363617,0.019047698322068363
64,6,5,0.0017224744735816046,-0.0014669462925023522,0.0003168899352549557,-0.000663023909611904,0.0038026792230594687,-0.007956286915342847,0.0015844496762747766,-0.0033151195480595206,0.44631830115988846,0.0,836.3632504416902,4705.9221587972825,5542.2854092389725,0.2482660407639948,0.110245758631582
65,6,6,0.0017456118179711745,-0.0011877574817212096,0.0006616533541717687,-0.00062458174196246,0.007939840250061222,-0.00749498090354952,0.003969920125030611,-0.00374749045177476,0.44225577964461843,0.0,835.982636941813,4703.38911723385,5539.371754175662,0.34353945006107117,0.26027551245512676
66,6,7,0.001439256444236249,-0.0008755484928711579,0.00072383653824133,-0.0005272454936535505,0.00868603845889596,-0.006326945923842606,0.00506685576768931,-0.0036907184555748534,0.443544856028116,0.0,837.2428474578135,4709.212356342706,5546.4552038005195,0.3829118685865849,0.3300306935801154
67,6,8,0.0010860592329546052,-0.0007592462167825686,0.0006614811363231061,-0.0005151445071593294,0.007937773635877273,-0.006181734085911954,0.005291849090584849,-0.0041211560572746355,0.4449999162638746,0.0,839.0006466940127,4722.103546541491,5561.104193235503,0.3798146052160917,0.3468542837957465
68,6,9,0.000875704410214443,-0.0003928914398178793,0.0006218102868303834,-0.00029954483766674045,0.0074617234419646,-0.0035945380520008854,0.00559629258147345,-0.0026959035390006648,0.44152488355089825,0.0,824.9144441144122,4702.057075861719,5526.971519976131,0.41668183955829186,0.3944382504053232
69,6,10,0.0003521735252194412,-0.0003082168157727197,0.00027653431610096283,-0.0002592479683574175,0.003318411793211553,-0.0031109756202890105,0.002765343161009627,-0.0025924796835741747,0.44610335576801796,0.0,821.6013695889184,4702.712979394319,5524.314348983237,0.20381487152864478,0.19201259218635008
70,6,11,0.0002469204061109259,-0.0002641542025180372,0.00021989700370615798,-0.00024305631732966597,0.002638764044473895,-0.0029166758079559917,0.0024188670407677367,-0.002673619490626326,0.44459124485732304,0.0,817.5132550035121,4728.324143162115,5545.837398165628,0.1686665048338166,0.16384424398582817
71,6,12,0.0005489197225693839,-0.00020388390127634273,0.0005489197225693828,-0.00020388390127634316,0.006587036670832594,-0.002446606815316118,0.006587036670832594,-0.002446606815316118,0.44848463311338843,0.0,815.1112142541784,4797.676902167024,5612.788116421202,0.43680980298617567,0.4368098029861756
72,7,1,1.0937608301755457,0.2786740873819559,0.003662712798192556,0.0024975121610144252,0.043952553578310675,0.029970145932173106,0.003662712798192556,0.0024975121610144252,0.31196339695898984,0.0,774.1058261844785,4414.491903858429,5188.597730042908,1.4229612058931072,0.3121243044779554
73,7,2,0.08575385685839595,0.012416151859608407,0.003366169606060635,0.0006605775125868916,0.04039403527272762,0.007926930151042698,0.00673233921212127,0.0013211550251737833,0.40476626893948775,0.0,814.7925125666031,4671.341022419176,5486.133534985778,1.7888319845448706,0.5190120942170052
74,7,3,0.028670646345615204,0.00445907806808119,0.003750186694616549,0.0006182676264119655,0.04500224033539858,0.007419211516943585,0.011250560083849646,0.0018548028792358961,0.44716677087244183,0.0,838.4388756043484,4793.031351098419,5631.470226702766,1.010472441234847,0.60322019417414
75,7,4,0.013463914560650544,0.0009600588106205211,0.003176713896808714,0.00010517190869090894,0.03812056676170457,0.0012620629042909093,0.012706855587234856,0.00042068763476363574,0.4600649458359454,0.0,850.2583044496671,4837.481798964318,5687.740103413986,0.7863691625897314,0.5831820415704939
76,7,5,0.008632667769857012,0.00011334528701591152,0.0029764093370550585,-5.0885271024517544e-05,0.035716912044660695,-0.0006106232522942104,0.014882046685275287,-0.00025442635512258724,0.464013017090433,0.0,854.357955527529,4855.612537210338,5709.970492737866,0.7946524803353239,0.6748342867545595
77,7,6,0.006269531886676994,3.164805473477684e-05,0.0028065599368607063,-3.5128211579920596e-05,0.03367871924232847,-0.00042153853895904797,0.016839359621164236,-0.00021076926947952377,0.4652703892143261,0.0,857.4010848096162,4859.004632924932,5716.405717734548,0.8311048038803212,0.7557354310088199
78,7,7,0.0048281270016530655,0.00041976728909232493,0.0026335774486440757,0.0002128971367535664,0.03160292938372891,0.0025547656410427944,0.018435042140508534,0.001490279957274963,0.4770257143019609,0.0,865.0294439127448,4897.445673453464,5762.47511736621,0.6885278448146568,0.6519670316216497
79,7,8,0.004362451643121838,0.0005969631947398658,0.0028086298932238495,0.0003770634112147834,0.03370355871868619,0.004524760934577399,0.022469039145790796,0.003016507289718267,0.4878769040473082,0.0,865.3828191085026,4961.363075664033,5826.745894772535,0.4865200174680656,0.474341463766538
80,7,9,0.002736583504424473,-0.00039635588734636824,0.0020009838626542137,-0.0003045222423291972,0.02401180635185057,-0.003654266907950367,0.018008854763887926,-0.0027407001809627747,0.4765329573853708,0.0,847.8067359076077,4932.202921212975,5780.00965712058,1.069524293805825,1.0451813417339288
81,7,10,0.0018401591645252964,-0.0004394475186160971,0.001509202829202675,-0.0003699652407330687,0.018110433950432096,-0.0044395828887968235,0.015092028292026747,-0.003699652407330686,0.4837460806633183,0.0,844.2338476728565,4986.03512232879,5830.268970001645,0.6336648228622467,0.6236881012862561
82,7,11,0.0014176391027515306,-0.00014867295885615095,0.0012901392083563413,-0.00013757109163719972,0.015481670500276098,-0.001650853099646397,0.014191531291919756,-0.0015132820080091967,0.47657324109794913,0.0,839.2174600558562,4938.149826970795,5777.367287026651,0.9500754159445012,0.9440576088071645
83,7,12,0.0011916594729579541,-0.00011916598064764631,0.0011916594729579513,-0.0001191659806476536,0.014299913675495416,-0.001429991767771843,0.014299913675495416,-0.001429991767771843,0.48379656799164833,0.0,841.2343540480109,4961.7927019209665,5803.027055968977,0.9251556314930725,0.9251556314930683
84,8,1,30.25480292472569,0.11691646191919079,0.007319626214437055,1.6085996286919655e-05,0.08783551457324465,0.00019303195544303727,0.007319626214437055,1.6085996286919655e-05,0.3135338244887275,0.0,779.9252296227309,4382.261883387106,5162.187113009837,61.71060602914153,0.5146455125541122
85,8,2,0.13451512711779198,0.013864143129717297,0.007444029540230435,0.0006123975913027572,0.08932835448276523,0.007348771095633084,0.01488805908046087,0.0012247951826055144,0.40247111377739053,0.0,820.2128394673316,4646.699004182682,5466.911843650015,1.7630782712934008,0.7400581101842731
86,8,3,0.04176154966671077,-0.00199486755979653,0.006141018407419631,-0.0008785179124931378,0.07369222088903557,-0.010542214949917651,0.018423055222258893,-0.0026355537374794127,0.42919510748884315,0.0,850.1873677926226,4689.940142778763,5540.127510571384,2.1810235976549777,1.3521317857137571
87,8,4,0.018785267918579648,-0.0008402770232993454,0.004656532824631568,-0.00046328608778923864,0.05587839389557882,-0.005559433053470864,0.01862613129852627,-0.0018531443511569546,0.4469028866737687,0.0,858.7889756151021,4741.327080257491,5600.116055872593,1.539186874760906,1.1830614994372843
88,8,5,0.011644958423881592,-0.0009996914610823735,0.004089287499375305,-0.0005020181671304592,0.04907144999250366,-0.006024218005565514,0.020446437496876527,-0.002510090835652297,0.45658182229576355,0.0,866.1108140830894,4771.872555695904,5637.983369778994,1.5360476962784884,1.3192392347219968
89,8,6,0.00819924778532998,-0.0012280551130154584,0.0037036652744358778,-0.0006531983356052726,0.04444398329323053,-0.007838380027263272,0.022221991646615265,-0.003919190013631636,0.46117494633868406,0.0,869.2689388318977,4785.898770549907,5655.167709381803,1.7155729429084838,1.5644179319804967
90,8,7,0.005847567983390545,-0.0011125825896821857,0.0031942128985975064,-0.0006696614169534026,0.038330554783170066,-0.008035937003440833,0.022359490290182544,-0.00468762991867382,0.48020267947680767,0.0,871.8732426465502,4865.955758828914,5737.829001475464,1.6671592493271055,1.5699506613316307
91,8,8,0.004784564491678761,-0.0005011242594333462,0.0030659561695911054,-0.0003478088652931517,0.03679147403509326,-0.004173706383517822,0.024527649356728843,-0.0027824709223452137,0.4857160972614875,0.0,860.4329200628159,4841.881971223824,5702.314891286637,1.6617287183595268,1.6062020525312035
92,8,9,0.0035460050043023003,-0.00040005293816810334,0.0025943217710596056,-0.0003076916816570434,0.031131861252715266,-0.003692300179884519,0.023348895939536454,-0.00276922513491339,0.4824786182998349,0.0,853.6424964124753,4930.431077728149,5784.073574140624,1.5168663336461055,1.4843453534084652
93,8,10,0.0020258006734120474,-0.0002320613216187802,0.0016558531984286794,-0.00019729661158889825,0.019870238381144153,-0.002367559339066779,0.016558531984286792,-0.001972966115888982,0.4828707586715312,0.0,837.4736007501579,4931.081495421942,5768.555096172101,1.0762543844551795,1.0577443407525957
94,8,11,0.001671128240303717,-0.00021411835882214847,0.0015194618944334465,-0.00019779953865013957,0.01823354273320136,-0.002373594463801675,0.016714080838767915,-0.0021757949251515352,0.4888983083532141,0.0,839.8015639653643,4949.374605451117,5789.176169416481,1.0453529165909197,1.0377397045752401
95,8,12,0.0017192617657515118,-0.00016584708013534427,0.0017192617657515081,-0.00016584708013534294,0.0206311411890181,-0.0019901649616241145,0.0206311411890181,-0.001990164961624115,0.48524022044990334,0.0,838.6787948542892,4968.826945309069,5807.505740163358,1.2387310490694745,1.2387310490694727
96,9,1,41.321141407547934,0.1732062574382411,0.0038039041006968414,0.0007888260611735734,0.0456468492083621,0.009465912734082883,0.0038039041006968414,0.0007888260611735734,0.24138249798577047,0.0,754.2177014926829,4150.504150417789,4904.721851910471,87.10962117413746,0.43569978193367104
97,9,2,0.15236370441881128,0.007139353602111327,0.006016152670078369,-0.0001521454937138851,0.07219383204094043,-0.0018257459245666211,0.012032305340156738,-0.0003042909874277702,0.36240704021177494,0.0,808.8421653473293,4484.56339061762,5293.4055559649505,3.793794050083673,1.163827392137887
98,9,3,0.033836477562304,-0.000270254092193479,0.0039298576370873795,-0.00042799615287003807,0.047158291645048554,-0.005135953834440456,0.011789572911262139,-0.001283988458610114,0.39335210449924307,0.0,824.098873916745,4562.209833003239,5386.308706919983,2.081173233330534,1.0486414807204782
99,9,4,0.015974915880348904,0.0004554793224792222,0.0035172367681924987,-2.6951835942548713e-05,0.04220684121830997,-0.0003234220313105832,0.014068947072769995,-0.00010780734377019485,0.41592740566615855,0.0,836.3034413433708,4627.639732599274,5463.943173942644,1.243344216985608,0.8820992290213204
100,9,5,0.012565828054386045,4.7151790407788736e-05,0.0042905352007019,-6.468870389235292e-05,0.0514864224084228,-0.0007762644467082349,0.0214526760035095,-0.00032344351946176427,0.43159662043073477,0.0,847.8634213888507,4690.8796564342,5538.743077823051,1.6859483510419848,1.4311075056319256
101,9,6,0.009131549780163688,-2.885654784627108e-05,0.00408603898332195,-5.680729823836265e-05,0.049032467799863415,-0.0006816875788603516,0.0245162338999317,-0.0003408437894301758,0.4464240638483691,0.0,856.9696765871786,4730.209906770608,5587.179583357785,1.8327241206805456,1.6736186222378453
102,9,7,0.007415367915181986,0.0002656049472548548,0.004065816964694803,0.00012855485275263106,0.04878980357633764,0.0015426582330315716,0.02846071875286362,0.0008998839692684167,0.44645488544416484,0.0,853.8023426486109,4702.005917291751,5555.80825994036,1.676724549588024,1.602484658038017
103,9,8,0.005808852325843622,0.00010609952397337893,0.0037273733987408333,5.5364584359370904e-05,0.044728480784890015,0.000664375012312452,0.029818987189926666,0.00044291667487496723,0.44471612446542347,0.0,856.0215996482456,4787.416124649394,5643.43772429764,1.6577140032107298,1.6116677940876265
104,9,9,0.004166956138091474,5.921588793013181e-05,0.0030466632578460516,3.5757525771355425e-05,0.03655995909415262,0.0004290903092562643,0.027419969320614464,0.00032181773194219816,0.45133228375995904,0.0,851.1268170671593,4814.820163691069,5665.946980758228,1.458715977179197,1.430505458317201
105,9,10,0.00264485081386255,2.970027429486042e-05,0.002165885765555468,2.0360199496257267e-05,0.025990629186665618,0.00024432239395508757,0.021658857655554684,0.00020360199496257273,0.4592631730831883,0.0,848.1613603306326,4832.081115641834,5680.242475972465,1.1024397782703304,1.086685184842677
106,9,11,0.002173066708963693,2.6353239994553157e-06,0.0019772480885703915,7.694371492385918e-07,0.023726977062844698,9.23324579086331e-06,0.021749728974274303,8.463808641624846e-06,0.46867221593444947,0.0,849.810497192188,4857.661519449455,5707.472016641643,1.0774612659284646,1.0707959804440021
107,9,12,0.0019676757222865256,-1.1589291872096034e-05,0.0019676757222865235,-1.1589291872097223e-05,0.023612108667438278,-0.00013907150246516623,0.023612108667438278,-0.00013907150246516574,0.470520083704972,0.0,852.4282533907957,4895.021246654891,5747.4495000456845,1.1503823309305121,1.1503823309305088
108,10,1,43.71659017623517,0.1056478745879792,0.010304367715148172,-0.0006410346420925806,0.12365241258177805,-0.007692415705110969,0.010304367715148172,-0.0006410346420925806,0.2621723797204867,0.0,769.3940706515306,4075.3801247047086,4844.774195356239,115.40645650992154,1.5330918756443672
109,10,2,0.11329651094319423,0.0037204028365793763,0.005318051902446455,-0.0007018983865564808,0.06381662282935745,-0.008422780638677766,0.01063610380489291,-0.0014037967731129616,0.39564284168769653,0.0008223684210526315,834.2063983842679,4401.076766850985,5235.283165235253,2.180576210601547,0.77009256112463
110,10,3,0.033947444546879986,0.0012745540990703984,0.004659992067403334,-0.00011175256711539068,0.05591990480884,-0.0013410308053846878,0.01397997620221,-0.00033525770134617194,0.4353301585719799,0.0008223684210526315,851.3775785994912,4512.94498726006,5364.322565859551,1.056979019572315,0.628643992844241
111,10,4,0.01709113397015813,-0.0008486228290336957,0.00398287919805784,-0.0004483743966289574,0.04779455037669408,-0.00538049275954749,0.01593151679223136,-0.0017934975865158296,0.46483766094399737,0.0008223684210526315,870.2789909604194,4594.18354958551,5464.46254054593,1.2815850371457373,0.9261393140464423
112,10,5,0.012123100202143924,-0.00020121364936643237,0.004144544050513219,-0.0001783524459654378,0.049734528606158616,-0.0021402293515852535,0.020722720252566093,-0.0008917622298271889,0.4811889045031566,0.0008680555555555555,882.1574235212647,4637.122761691904,5519.28018521317,1.245561016579118,1.044882158399503
113,10,6,0.009154744435491732,-8.593423029574923e-05,0.004127585769473687,-9.592620875197792e-05,0.049531029233684236,-0.0011511145050237329,0.024765514616842118,-0.0005755572525118664,0.5057515009517068,0.0009191176470588235,897.2308733709797,4710.567060572608,5607.797933943588,1.2391727596454987,1.136295019240588
114,10,7,0.006694561300122791,-0.0003344921300099363,0.003655777182905,-0.00022422139958415389,0.04386932619485999,-0.002690656795009848,0.025590440280334997,-0.001569549797089078,0.4911361609786898,0.0010080645161290322,885.4961974735502,4789.373889499378,5674.870086972926,1.418231801086102,1.3456673809021424
115,10,8,0.005307154926856626,-0.0003670134653694319,0.0033960780018927493,-0.00026122781696356196,0.040752936022712995,-0.0031347338035627417,0.027168624015141994,-0.0020898225357084957,0.499935502082236,0.0011111111111111111,888.5131077169598,4906.942974995624,5795.456082712583,1.417521955005518,1.3714231931778824
116,10,9,0.003685794502274565,-0.0002631932227876871,0.002688408147287598,-0.00020633370989902962,0.032260897767451176,-0.0024760045187883543,0.024195673325588377,-0.0018570033890912662,0.5123163063243961,0.0012315270935960591,888.7303209871967,4901.891654836045,5790.621975823241,1.2444927167894444,1.2163687704974502
117,10,10,0.002250666768152478,-5.674033678419411e-05,0.001838124388585399,-5.1913650158624125e-05,0.02205749266302479,-0.0006229638019034903,0.01838124388585399,-0.0005191365015862415,0.5015309016043645,0.0,874.8943424500468,4927.04305332648,5801.937395776527,0.9525472704517491,0.9362865944110138
118,10,11,0.0017400334975709887,-2.7656269581319064e-05,0.0015807969614957628,-2.714602282479781e-05,0.01896956353794915,-0.00032575227389757395,0.01738876657645339,-0.00029860625107277556,0.5066240822811995,0.0,876.3581424963022,4953.488725064745,5829.846867561048,0.8701454915561684,0.8634265139743795
119,10,12,0.0015061001220712507,-4.2689845502421925e-05,0.0015061001220712526,-4.268984550241917e-05,0.018073201464855033,-0.0005122781460290304,0.018073201464855033,-0.0005122781460290304,0.5148375614429893,0.0,880.4692739628994,4978.935638334534,5859.404912297432,0.9079516831397243,0.9079516831397252
120,11,1,0.8531784328173455,0.08369672574315495,0.00048685177828493016,-0.0006611660744384733,0.005842221339419163,-0.00793399289326168,0.00048685177828493016,-0.0006611660744384733,0.29278824554160143,0.0,777.1072677115731,4255.766775977742,5032.874043689314,2.639493009148853,0.06544897524300636
121,11,2,0.06580853442234937,0.001116380625030745,0.0007892488073111953,-0.0008776381595064957,0.009470985687734346,-0.010531657914077949,0.0015784976146223906,-0.0017552763190129914,0.3844628863334368,0.0008488964346349745,822.3114862181227,4514.766089133907,5337.077575352029,1.5327029902275071,0.14026075656305695
122,11,3,0.02093406098501243,-0.0007267068270142218,0.0019990746637396383,-0.0005204640988623517,0.023988895964875658,-0.006245569186348221,0.0059972239912189146,-0.0015613922965870548,0.4401230678024414,0.0008488964346349745,851.9309518753283,4639.973274931726,5491.904226807055,1.0919077090421898,0.45747421880887873
123,11,4,0.01312936784820674,-0.0008017074469441639,0.002744888366990472,-0.0004374803555871666,0.03293866040388566,-0.0052497642670459995,0.010979553467961888,-0.0017499214223486664,0.4682234231562716,0.0008488964346349745,870.8742161938786,4718.518311425383,5589.392527619263,1.0502026804745985,0.697208814188566
124,11,5,0.007717158701786785,-0.0009268988671625531,0.0024667298670286207,-0.00046922165544236805,0.029600758404343442,-0.005630659865308416,0.012333649335143101,-0.0023461082772118402,0.49528094008213613,0.0008960573476702509,888.2253447236988,4787.674569453643,5675.899914177343,0.8577147690370912,0.6784334195936099
125,11,6,0.0056448644578649355,-0.000663290548854027,0.0024344008618330027,-0.00037570603781017807,0.029212810341996038,-0.0045084724537221375,0.014606405170998019,-0.002254236226861069,0.5112300396301626,0.0009487666034155598,898.580223056919,4829.632320638057,5728.212543694976,0.8408878000696213,0.7387998185054969
126,11,7,0.004133107938474914,-0.0003171915274837961,0.0021854117353806474,-0.00021092610915563064,0.026224940824567774,-0.002531113309867568,0.01529788214766453,-0.0014764827640894147,0.49507822824244957,0.0010416666666666667,888.9724861783068,4837.894053255031,5726.8665394333375,0.8206441382495074,0.7522254082909158
127,11,8,0.003116278749519118,-0.0003150291731306155,0.001957014067173895,-0.00022442340820564503,0.023484168806086735,-0.00269308089846774,0.01565611253739116,-0.0017953872656451602,0.5133820501215769,0.0011299435028248588,896.6901558515248,4888.621274226809,5785.311430078334,0.7806080022740373,0.7405268282969435
128,11,9,0.002137757087052716,2.7123375264609654e-05,0.0015343497169613791,1.2160445302215571e-05,0.018412196603536556,0.00014592534362658778,0.013809147452652416,0.00010944400771994069,0.49260718902377065,0.0012315270935960591,878.1627999591303,4851.237433549418,5729.400233508547,0.7026407909606921,0.6755345536515269
129,11,10,0.0009009707207596107,8.219155359993887e-05,0.0007184618854618392,6.442374813964479e-05,0.008621542625542065,0.0007730849776757356,0.007184618854618387,0.0006442374813964472,0.48541658794693915,0.0,862.3959524653663,4808.302542572532,5670.698495037898,0.35751151230422973,0.3429951263566358
130,11,11,0.0005507637019534072,6.0330473053158704e-05,0.0004924278328001819,5.369380769906168e-05,0.00590913399360218,0.0006443256923887409,0.005416706160802004,0.0005906318846896797,0.49783808883471337,0.0,865.2037592505003,4836.335043380955,5701.538802631455,0.26336284901103696,0.2571631616165453
131,11,12,0.0005403141089061714,9.937531949880287e-05,0.0005403141089061721,9.937531949880236e-05,0.0064837693068740656,0.001192503833985628,0.006483769306874065,0.001192503833985628,0.4884868055363936,0.0,863.7618631987532,4823.159289778072,5686.921152976825,0.2915447380567851,0.29154473805678555
132,12,1,0.9501833831180292,0.027778768332160454,-0.0018376825302665258,-0.0021674755508647343,-0.022052190363198308,-0.026009706610376816,-0.0018376825302665258,-0.0021674755508647343,0.25555292747870295,0.0,765.3273880627925,4156.283372016029,4921.610760078822,6.6334473840878205,-0.1726003063395706
133,12,2,0.08551168257748862,-1.6634627503166375e-05,0.0014583814061721657,-0.0011048225596198879,0.01750057687406599,-0.013257870715438656,0.0029167628123443314,-0.0022096451192397757,0.3696546667781614,0.000835421888053467,825.3639746782071,4481.149384553836,5306.513359232042,2.0907403008224246,0.22933996753029248
134,12,3,0.02906534804691392,-0.00021671637357184505,0.0031091017419382257,-0.000498860087805228,0.0373092209032587,-0.005986321053662738,0.009327305225814675,-0.0014965802634156848,0.42907940478205675,0.000835421888053467,857.7986135361848,4639.159576384846,5496.95818992103,1.3004033625660272,0.5855066036532645
135,12,4,0.012052159650050527,-0.0002488313444061751,0.002378205164273299,-0.00028472345251417486,0.0285384619712796,-0.003416681430170099,0.009512820657093196,-0.0011388938100566994,0.46839149358603877,0.0008818342151675485,874.6349606510652,4721.579021523855,5596.21398217492,0.8041132870163629,0.49253946277861393
136,12,5,0.007649822927793254,-0.0007061530295908627,0.0024280242289656103,-0.00040083117526371786,0.029136290747587328,-0.004809974103164614,0.012140121144828053,-0.0020041558763185885,0.5230380182985744,0.0009337068160597572,901.6672236625299,4861.551144177936,5763.218367840466,0.6267335274779383,0.48477523047521126
137,12,6,0.006914925478199215,-0.0004474996747878698,0.0030379088964541533,-0.0002813211567972452,0.03645490675744984,-0.003375853881566941,0.01822745337872492,-0.0016879269407834704,0.5380978420261376,0.0010416666666666667,909.377467976372,4942.295574168655,5851.6730421450275,0.8422683910162715,0.7495240086728481
138,12,7,0.0059241267874363766,-0.00021528712220153043,0.0032121657054616356,-0.00015948509177469785,0.038545988465539624,-0.0019138211012963762,0.022485159938231452,-0.0011163956424228853,0.5477509650903188,0.0011111111111111111,914.6135786661268,4988.6089077448105,5903.222486410936,0.8686513634632906,0.8141745290588235
139,12,8,0.004602960919637104,-0.0001386660226500739,0.0029403314881407227,-0.00011214980289340954,0.03528397785768868,-0.001345797634720912,0.023522651905125782,-0.0008971984231472763,0.5544286769114553,0.0011904761904761904,914.7033273229538,4980.88668910799,5895.590016430942,0.821577408674989,0.7913241316004234
140,12,9,0.0026743396599454663,1.5369399450011515e-05,0.001934395774749728,2.3368125737275315e-07,0.023212749296996734,2.8041750884722294e-06,0.01740956197274755,2.103131316354422e-06,0.5733980745248491,0.0013037809647979141,921.62974091449,5008.739015456369,5930.368756370859,0.5844125532790555,0.565705498799297
141,12,10,0.0011483475529864466,0.0001178882777920009,0.0009251024827002951,9.303343576063599e-05,0.011101229792403543,0.0011164012291276313,0.009251024827002952,0.00093033435760636,0.5616849270231801,0.0,906.7101611394795,5031.342140826592,5938.052301966071,0.3205969418839655,0.3104299921281984
142,12,11,0.0008276995164853908,0.0001886965352822254,0.0007470454289567163,0.00017083744003846987,0.008964545147480596,0.0020500492804616387,0.008217499718523879,0.0018792118404231688,0.570481221664254,0.0,910.34182849463,5059.649515951491,5969.991344446121,0.24431549599208655,0.24075611794617274
143,12,12,0.0010478190709813622,0.00041425792673971374,0.0010478190709813648,0.0004142579267397153,0.01257382885177638,0.004971095120876582,0.01257382885177638,0.004971095120876582,0.5819876042538449,0.0,918.6647564588709,5110.372571566976,6029.037328025846,0.24832299916162837,0.24832299916162912
144,13,1,33.45116814782005,0.18562366648293468,0.005945060562714855,0.002584162033083041,0.07134072675257826,0.031009944396996492,0.005945060562714855,0.002584162033083041,0.2624788488254231,0.0,768.6497714703521,4224.437137596564,4993.086909066916,42.72202458915716,0.34023403550279535
145,13,2,0.16237037401213997,0.020721360421649206,0.008749270259752818,0.001359141554705898,0.10499124311703383,0.016309698656470775,0.017498540519505636,0.002718283109411796,0.37749433064403176,0.0008488964346349745,829.6240873612644,4575.901447099809,5405.525534461073,1.4162057333326399,0.5987325674898853
146,13,3,0.048877313067816924,0.009843887163204505,0.007360656459129801,0.0016435912178524663,0.0883278775095576,0.019723094614229605,0.0220819693773894,0.004930773653557401,0.4435053181246057,0.0008960573476702509,862.8324233347931,4743.28924579187,5606.1216691266645,0.8184431323295188,0.564032719389313
147,13,4,0.023806056978340494,0.0067198759031940865,0.005819289171470999,0.0018079896368142178,0.06983147005765197,0.02169587564177061,0.023277156685883996,0.007231958547256871,0.4853243957473729,0.0009487666034155598,881.5156590840086,4854.105582406951,5735.621241490958,0.5515898717690021,0.43993747946844264
148,13,5,0.018049370882263313,0.004820940826893891,0.006362736399788644,0.0017570704690445802,0.07635283679746374,0.02108484562853496,0.03181368199894322,0.008785352345222899,0.5129629097128986,0.0010416666666666667,895.5549296992673,4973.303220640181,5868.858150339447,0.5507731961210883,0.49584661951079867
149,13,6,0.013674584501950261,0.003240657067821624,0.006207854079318749,0.001485309054196779,0.074494248951825,0.017823708650361345,0.0372471244759125,0.008911854325180676,0.5310010772377562,0.0011111111111111111,907.1398824562401,5045.2836089520615,5952.423491408302,0.611076620914502,0.5756642775613414
150,13,7,0.009410601678961756,0.0022514831907182887,0.005153440875722684,0.0012390666078880626,0.06184129050867219,0.014868799294656754,0.03607408613005878,0.008673466255216438,0.5537405396430628,0.0011904761904761904,918.4039331280126,5103.439441523529,6021.843374651543,0.5656926144936008,0.5430617024351918
151,13,8,0.006984280199693477,0.002067453668673388,0.004467169876681059,0.0013322860797280625,0.05360603852017272,0.015987432956736745,0.035737359013448475,0.0106582886378245,0.5563061083636232,0.001282051282051282,918.6846261974158,5140.945348802981,6059.629975000397,0.46203938083214074,0.45022419715067363
152,13,9,0.004851838875366449,0.001459632853524263,0.003544091594175087,0.0010729204647229097,0.04252909913010105,0.012875045576674913,0.03189682434757579,0.009656284182506187,0.5672305473582238,0.0014124293785310734,924.164475687151,5185.803960793968,6109.96843648112,0.46600540971207655,0.45705422388963035
153,13,10,0.0036309989779254696,0.0012135986795249612,0.0029801216836426413,0.0010009949815945433,0.03576146020371171,0.012011939779134525,0.029801216836426423,0.010009949815945433,0.5664086889801465,0.0,920.9319704767893,5190.494755478443,6111.426725955233,0.4267001078895343,0.42175330027325897
154,13,11,0.0028762855604033072,0.0011227359045618342,0.002619000249470015,0.0010250763836137688,0.031428002993640174,0.012300916603365226,0.028809002744170163,0.011275840219751455,0.5723890480910768,0.0,922.8895832520221,5221.513465745014,6144.403048997037,0.3755281950203335,0.37356225750503613
155,13,12,0.00253229014675615,0.0009196708368805021,0.0025322901467561515,0.0009196708368805022,0.03038748176107382,0.011036050042566027,0.03038748176107382,0.011036050042566027,0.5780153652286157,0.0,927.5472231833328,5236.137010177792,6163.684233361124,0.392411584839726,0.39241158483972616
156,14,1,23.891297412678465,0.11458350562676306,0.007411845889380151,-0.0009465479143302846,0.08894215067256184,-0.011358574971963414,0.007411845889380151,-0.0009465479143302846,0.25438419692701675,0.0,777.6206604858497,4135.6490875440195,4913.26974802987,57.219758739506815,0.715299556075541
157,14,2,0.10894514822349853,0.010288645951683552,0.005692164484908205,-0.0002992286123539076,0.06830597381889847,-0.0035907433482468914,0.01138432896981641,-0.0005984572247078152,0.37085334444270385,0.0,834.8821318133973,4460.260485370817,5295.142617184214,1.7808816616385124,0.7190396613996288
158,14,3,0.03178688255237201,0.004501109503391263,0.004244969871504655,0.0004890554930669945,0.05093963845805586,0.005868665916803936,0.012734909614513965,0.001467166479200984,0.4379505129116542,0.0,862.9220073039379,4662.961056730797,5525.883064034737,1.1095055578841109,0.6598972845089628
159,14,4,0.01484887496372053,0.0029291269697178375,0.0033287180167751573,0.0006864920167625105,0.03994461620130187,0.008237904201150125,0.013314872067100629,0.002745968067050042,0.4810836388031831,0.0,876.2512337664514,4782.811020306925,5659.062254073377,0.889116090054191,0.6385973063958325
160,14,5,0.010391080542680975,0.0016991805013516063,0.003426128054957592,0.0005608830615784023,0.04111353665949109,0.006730596738940828,0.017130640274787952,0.002804415307892012,0.519007971074624,0.0,895.9118763153706,4887.486959164326,5783.3988354796975,0.9051634261072627,0.7435794110574512
161,14,6,0.007126371024114816,0.0011719614398839019,0.0030831524560793228,0.0005038306669580052,0.03699782947295186,0.0060459680034960625,0.01849891473647593,0.0030229840017480312,0.5479433749370342,0.0,911.4293441048558,4960.562356441882,5871.991700546738,0.8003270065436232,0.7096418524711778
162,14,7,0.004739354337953708,0.00034969973795606136,0.00250218679709019,0.00016074488922376127,0.03002624156508229,0.0019289386706851333,0.01751530757963133,0.001125214224566327,0.5580110326020292,0.0,919.1111435660498,4984.743825131622,5903.854968697672,0.6410754787455226,0.5883171508361642
163,14,8,0.0033456438727974434,0.0004251750779332199,0.0020879071473764617,0.0002597354226885039,0.025054885768517544,0.003116825072262046,0.016703257179011693,0.0020778833815080313,0.5604529761260326,0.0,913.1021534779103,5017.2638113006615,5930.365964778572,0.6904663800544105,0.6528193882929062
164,14,9,0.0025833560656104136,0.0003599782229129757,0.0018614140125681716,0.000257835579632881,0.022336968150818055,0.003094026955594572,0.016752726113113545,0.0023205202166959303,0.5659388522210715,0.0,916.3846445160032,5036.004133403845,5952.388777919848,0.7947111096202537,0.7668106227806459
165,14,10,0.0018472893303644756,0.0002803229449237452,0.0015026691297173646,0.00022769313731346477,0.01803202955660837,0.0027323176477615785,0.015026691297173645,0.0022769313731346484,0.5663163226740028,0.0,910.7764559959361,5056.684529976309,5967.460985972243,0.7089583961646254,0.6936044436398002
166,14,11,0.0014765947652056466,0.00022490164206346366,0.001338996382933921,0.00020380454554136987,0.016067956595207055,0.0024456545464964377,0.01472896021227313,0.002241850000955068,0.5710126738813819,0.0,912.27538004848,5072.656756440587,5984.932136489066,0.6823118384505124,0.675676744985206
167,14,12,0.0013984909175333606,0.00020417744600326207,0.001398490917533356,0.00020417744600325984,0.01678189101040027,0.002450129352039119,0.01678189101040027,0.0024501293520391193,0.5800309335471729,0.0,916.698500396831,5105.146116921294,6021.844617318125,0.7141969391396166,0.7141969391396149
168,15,1,1.1428388191356906,0.19306885900795848,0.00043450310472401915,0.0022364101495583803,0.005214037256688211,0.026836921794700562,0.00043450310472401915,0.0022364101495583803,0.24920116064926265,0.0,770.3240196361402,3993.6310697772337,4763.955089413375,2.158880144039649,0.03738933150429613
169,15,2,0.06876431624602125,0.016225211657664045,0.0010029889912544594,0.0012161474278011197,0.012035867895053513,0.014593769133613434,0.0020059779825089188,0.0024322948556022394,0.34353690087702443,0.0,815.0429599765822,4245.764275428534,5060.807235405116,1.3114505212993663,0.13908998773783815
170,15,3,0.024654539670603607,0.008897008915276988,0.00236603199288038,0.0016066727644747597,0.02839238391456456,0.01928007317369711,0.00709809597864114,0.004820018293424278,0.4141566071427685,0.0,842.2343220458857,4476.822278399773,5319.056600445658,0.8605016273464101,0.3678704986247503
171,15,4,0.011829163828396399,0.0072432123873991654,0.002152783907022639,0.0020843075537080816,0.02583340688427167,0.02501169064449698,0.008611135628090556,0.008337230214832327,0.4682656369774003,0.0,864.5917396965942,4596.10569409018,5460.697433786776,0.5207084735018602,0.30404679596672723
172,15,5,0.006363869912074669,0.004661876757334504,0.0017679076491048458,0.0017901814682010457,0.021214891789258148,0.021482177618412545,0.008839538245524227,0.008950907341005227,0.5048129648388052,0.0,882.7035213491679,4695.137930831837,5577.841452181005,0.415574146068533,0.285794967357577
173,15,6,0.00496623728774901,0.004025114276228753,0.002000202879932383,0.0019199305112341048,0.024002434559188594,0.023039166134809264,0.012001217279594297,0.011519583067404629,0.5217071625909391,0.0,894.2607952245669,4735.432392657733,5629.693187882298,0.37237971562106864,0.30614119107921794
174,15,7,0.0034397511472521068,0.0032641209445371123,0.0017344345488723505,0.0018449504243321414,0.0208132145864682,0.022139405091985705,0.012141041842106449,0.012914652970324993,0.5334121799046121,0.0,898.7335416857908,4818.25874849347,5716.992290179262,0.2859685819152959,0.2512539784586147
175,15,8,0.001535289049954469,0.0024302569141463563,0.0008807115796719291,0.0015879942038119228,0.010568538956063153,0.019055930445743073,0.007045692637375433,0.012703953630495382,0.5299883537390213,0.0,895.0513343040561,4728.888990998491,5623.940325302547,0.1700174122168067,0.14774137373051133
176,15,9,0.0007404922130682911,0.0016216264180482958,0.0004778834254081797,0.0012014146346272635,0.005734601104898155,0.014416975615527164,0.004300950828673619,0.010812731711645375,0.5422188714139872,0.0,893.3707445447543,4762.38340944445,5655.754153989204,0.12839384337441237,0.11095209802818505
177,15,10,0.000576426660996383,0.0012124672908549756,0.0004410985061112479,0.0010032578223764701,0.005293182073334976,0.012039093868517644,0.004410985061112481,0.010032578223764702,0.5480308890699187,0.0,895.2643677554014,4773.629435918538,5668.893803673939,0.13127304153914798,0.12079921586202065
178,15,11,0.0005200137760282413,0.0010218818125676586,0.0004614048496363576,0.0009338966925902654,0.005536858195636294,0.011206760311083187,0.005075453345999933,0.010272863618492922,0.5548482610206781,0.0,900.2568781784728,4785.874179628498,5686.13105780697,0.13774021713529844,0.13345059326882985
179,15,12,0.0007719913076943339,0.000977335887361515,0.0007719913076943335,0.0009773358873615147,0.009263895692332004,0.011728030648338177,0.009263895692332004,0.011728030648338177,0.5509214198205129,0.0,914.3162823338743,4755.551685710646,5669.86796804452,0.2299105940995155,0.22991059409951617
180,16,1,0.809298091350422,0.08692919744988438,-0.0031965410762194724,0.0009837855886462355,-0.03835849291463367,0.011805427063754828,-0.0031965410762194724,0.0009837855886462355,0.22340439317122948,0.0,749.2790300030034,3948.703646842838,4697.9826768458415,3.733473050135855,-0.43445117259316013
181,16,2,0.06718802866763061,0.011376385795217934,0.0008218477440366509,0.0006430509618236098,0.009862172928439815,0.0077166115418833186,0.0016436954880733017,0.0012861019236472197,0.3446395331921822,0.0,801.954690008584,4306.289861276545,5108.244551285129,1.6798179601137655,0.15509866386449617
182,16,3,0.017197882262235367,0.007209053344215401,0.0006421991969035997,0.0012870888920339361,0.007706390362843192,0.015445066704407234,0.0019265975907107988,0.0038612666761018086,0.40602166117798016,0.0,830.5588166505678,4460.490801500892,5291.04961815146,0.7066139212120738,0.11652365417141966
183,16,4,0.002759566615537102,0.003260562654695395,-0.0005979004205923993,0.0008661463043148869,-0.00717480504710879,0.010393755651778644,-0.002391601682369597,0.0034645852172595477,0.456998111685554,0.0,847.1315920143713,4576.15156718055,5423.283159194921,0.1858432410109818,-0.1254199233898713
184,16,5,-0.0006173972877294311,0.0017300831178479244,-0.0011055386851045548,0.0006021516145896978,-0.013266464221254654,0.007225819375076372,-0.005527693425522772,0.003010758072948489,0.48621182445236916,0.0,859.8306037252036,4625.720345347178,5485.550949072382,-0.06942385956801671,-0.3075632040388772
185,16,6,0.0012003118924004542,0.0016623174214684198,0.00015362034454127914,0.0007564982419876714,0.0018434441344953533,0.009077978903852053,0.0009217220672476757,0.004538989451926026,0.5184286927496005,0.0,876.863835739817,4693.723456479154,5570.587292218973,0.15127472693435134,0.039466468389096745
186,16,7,-0.00014922766089940238,0.0011285537837156091,-0.0003425055122237729,0.0006147313318764475,-0.004110066146685278,0.00737677598251737,-0.002397538585566412,0.004303119323135132,0.5254214677103991,0.0,864.8498580211949,4704.926530749598,5569.776388770794,-0.02460303652589156,-0.09813847302482377
187,16,8,-0.00020720865023631486,0.0011095620463933465,-0.0002780474335751125,0.0007149443757394165,-0.0033365692029013487,0.008579332508872996,-0.0022243794686009,0.005719555005915332,0.530018154409225,0.0,857.7042215048921,4771.876515130169,5629.580736635061,-0.042882409941645716,-0.0870337696458083
188,16,9,9.316395069541396e-05,0.0007488957271931714,-7.090436660599274e-06,0.0005489268966441289,-8.508523992718993e-05,0.006587122759729545,-6.381392994539293e-05,0.004940342069797158,0.5369319198135315,0.0,860.6666132072882,4789.055490228512,5649.722103435803,0.02576970873662003,-0.0026266490031181355
189,16,10,-0.0001048940511135638,0.0006002116914340102,-0.0001257335712112502,0.0004935557969037997,-0.001508802854535001,0.005922669562845595,-0.001257335712112502,0.004935557969037997,0.5405660214972771,0.0,861.845682291981,4791.676207116881,5653.521889408862,-0.03541642525442426,-0.0510592303141707
190,16,11,-7.049822207284591e-05,0.0005850565138612144,-7.923352170603816e-05,0.0005335748356346121,-0.0009508022604724547,0.006402898027615343,-0.0008715687387664202,0.005869323191980733,0.5374498967205292,0.0,870.366813407595,4759.900773835108,5630.2675872427035,-0.02879928473603275,-0.035345052216140906
191,16,12,0.00021662248327724637,0.0005492927440976196,0.00021662248327725058,0.0005492927440976202,0.0025994697993270083,0.006591512929171442,0.0025994697993270053,0.006591512929171442,0.5472930688945608,0.0,875.310729939249,4794.709603537682,5670.020333476932,0.10485761709243382,0.10485761709243575
192,17,1,0.9051510316657242,0.17168843064379224,-0.003390618102577088,0.0009850623799541236,-0.040687417230925046,0.011820748559449487,-0.003390618102577088,0.0009850623799541236,0.2635307700101634,0.0,760.9738894196666,4049.49389560714,4810.467785026807,1.6042732691352861,-0.2638672693130363
193,17,2,0.03539948416374861,0.005788851361315598,-0.0037634325694591232,-0.0001495235996890985,-0.045161190833509474,-0.001794283196269181,-0.0075268651389182465,-0.000299047199378197,0.37468879848785924,0.0,807.8194912368738,4305.0844513327165,5112.90394256959,0.8251967351862282,-0.6185693959019227
194,17,3,0.0015780224509451574,0.0031737487460742823,-0.0030113798445846793,0.00029813437515970514,-0.03613655813501616,0.0035776125019164624,-0.00903413953375404,0.0008944031254791156,0.44725073769369844,0.0,844.1261527805942,4475.527529851265,5319.653682631858,0.05941817183166133,-0.5211742488800901
195,17,4,-0.00818737389965006,0.0013722987135551816,-0.004164653597985236,0.0002675797023836399,-0.049975843175822834,0.0032109564286036786,-0.016658614391940944,0.0010703188095345596,0.4944460290435589,0.0,861.5644562878944,4544.1858192108975,5405.750275498792,-0.6309122598250967,-0.9968974071360253
196,17,5,-0.006163870190058862,0.0021235366309833724,-0.0033115425895949013,0.0007746698089161631,-0.039738511075138816,0.009296037706993958,-0.016557712947974503,0.0038733490445808146,0.5287811938646745,0.0,872.6776718870383,4619.632136065149,5492.309807952188,-0.5774363800341215,-0.7597566675655225
197,17,6,-0.003816919298250654,0.0010324570142900846,-0.002320743043044048,0.0004561587543492411,-0.02784891651652858,0.005473905052190893,-0.01392445825826429,0.0027369525260954462,0.5414538529991393,0.0,869.5642430156711,4712.434695056436,5581.998938072107,-0.5817333689205036,-0.7177872057575075
198,17,7,-0.004351119863968067,0.000989702571242445,-0.0027730574013374275,0.0005444666062752342,-0.03327668881604913,0.006533599275302808,-0.01941140180936199,0.003811266243926639,0.5428333624692604,0.0,857.9629722844246,4763.918403134525,5621.8813754189505,-0.9026097170657169,-0.9957212457308646
199,17,8,-0.0031212649904806184,0.0007189876276155038,-0.0022073894906751938,0.000460665689248063,-0.026488673888102318,0.005527988270976757,-0.01765911592540155,0.003685325513984504,0.5526283651706735,0.0,862.8733303936459,4786.02654825705,5648.899878650697,-0.8247571844840099,-0.8804206603531655
200,17,9,-0.0026036000043950965,0.0004944448566614633,-0.00202245785644862,0.00036072478905140444,-0.02426949427738344,0.004328697468616853,-0.01820212070803758,0.0032465231014626407,0.559307189965072,0.0,865.6064605434076,4793.078508503536,5658.684969046943,-0.8438939872035479,-0.8773150792765451
201,17,10,-0.002336336608293076,0.0004697683094252804,-0.0019804661509646095,0.00038602513037137154,-0.023765593811575312,0.004632301564456458,-0.019804661509646094,0.003860251303713716,0.5554169565025484,0.0,871.2851379002594,4758.088535732146,5629.373673632405,-0.9037149381095835,-0.9211695461067633
202,17,11,-0.0018427801766281854,0.0005144573582903839,-0.001701849674089796,0.00046922697866122335,-0.02042219608907755,0.00563072374393468,-0.018720346414987755,0.005161496765273456,0.5659847212207024,0.0,873.530997320902,4782.165907447816,5655.696904768717,-0.8256692696746886,-0.8325357232774696
203,17,12,-0.0017842926029828492,0.0003811831459378896,-0.001784292602982851,0.00038118314593788797,-0.02141151123579421,0.004574197751254656,-0.02141151123579421,0.004574197751254655,0.581558942108429,0.0,879.5601693237651,4822.155873474958,5701.716042798724,-0.9039479401037532,-0.9039479401037533
204,18,1,2.875476429485183,0.19406689446195402,-0.0060293497376923515,0.0018395092647667296,-0.0723521968523082,0.022074111177200758,-0.0060293497376923515,0.0018395092647667296,0.23636111091104997,0.0,737.4413775689723,4091.7808632874644,4829.222240856438,4.420355709295577,-0.41617943754826753
205,18,2,0.03398316146443616,0.012314960488641379,-0.004549511462038034,0.0007878515562666944,-0.05459413754445639,0.009454218675200335,-0.009099022924076067,0.0015757031125333888,0.3470332164438154,0.0,784.8866499196496,4367.825111759918,5152.711761679569,0.7138874666463282,-0.6993971462720615
206,18,3,-0.0074683718591778666,0.002304102727202153,-0.005141091351610099,0.0002005033862682205,-0.0616930962193212,0.0024060406352186476,-0.0154232740548303,0.0006015101588046619,0.41094503029642515,0.0,812.5319322411149,4470.008858032537,5282.540790273652,-0.4984646592077017,-1.4914151613698772
207,18,4,-0.011870012684154108,0.0010475738442450504,-0.005413833577244046,0.0001635647855313998,-0.06496600292692854,0.001962777426376798,-0.021655334308976183,0.0006542591421255992,0.46022905240541834,0.0,825.251410595738,4568.823194159553,5394.074604755292,-1.2385770113378485,-1.7596830976943374
208,18,5,-0.009485624485225306,0.000729664894735611,-0.004766677824435208,0.00018543485979704893,-0.0572001338932225,0.0022252183175645876,-0.02383338912217604,0.0009271742989852449,0.493139527882028,0.0,827.395411320531,4630.681309007106,5458.076720327637,-1.3694085537028111,-1.7231564686682057
209,18,6,-0.007440003565752583,8.174718057719839e-05,-0.004159212261379928,-2.5975649449461543e-05,-0.04991054713655914,-0.00031170779339353814,-0.02495527356827957,-0.0001558538966967691,0.5153372139043831,0.0,835.0942401404694,4694.961554606924,5530.0557947473935,-1.4263676209689355,-1.628179283546817
210,18,7,-0.005202245616031352,-5.302088995756592e-06,-0.0032698269555955324,-4.1156730976359205e-05,-0.03923792346714639,-0.0004938807717163096,-0.022888788689168726,-0.00028809711683451425,0.5310999675720577,0.0,842.6888422916707,4726.537080657632,5569.225922949303,-1.2402917831055351,-1.3506692306437684
211,18,8,-0.004412305495393,-0.0001700245342018226,-0.0030713016911127046,-0.0001347875907086289,-0.03685562029335245,-0.001617451088503546,-0.024570413528901637,-0.0010783007256690313,0.5504755238519753,0.0,847.2402798373103,4763.548309471806,5610.788589309116,-1.2702836809719888,-1.3331160345619268
212,18,9,-0.003610979463021629,-0.0001328271080923816,-0.002777971217397745,-0.00011218596328082597,-0.033335654608772934,-0.0013462315593699107,-0.0250017409565797,-0.0010096736695274328,0.5489266426262712,0.0,855.9926003578855,4732.762334253872,5588.754934611757,-1.2202419122787556,-1.2540013569571171
213,18,10,-0.0028018306673573126,-4.062237182731607e-05,-0.0023686119460614016,-4.035452155169104e-05,-0.028423343352736812,-0.00048425425862029265,-0.023686119460614014,-0.0004035452155169103,0.5595695840857137,0.0,858.9865600211905,4767.385188975654,5626.371748996845,-1.1687713152937154,-1.1863282978165524
214,18,11,-0.002768412963945542,-4.171336410231601e-05,-0.0025508064057210658,-4.08144294313058e-05,-0.03060967686865278,-0.0004897731531756699,-0.028058870462931713,-0.00044895872374436333,0.5731859092154268,0.0,863.6547323633109,4794.807751630512,5658.4624839938215,-1.3078802921522117,-1.3147237723074638
215,18,12,-0.0024174649215390615,9.133138434431257e-06,-0.0024174649215390615,9.133138434433811e-06,-0.029009579058468737,0.00010959766121320618,-0.029009579058468737,0.00010959766121320642,0.5835886157604325,0.0,864.1433392008748,4814.982181620608,5679.125520821483,-1.223802915867022,-1.2238029158670225
216,19,1,65.60048977177058,0.07406366813927169,-0.003976768503402869,0.0006197282479239593,-0.04772122204083441,0.007436738975087512,-0.003976768503402869,0.0006197282479239593,0.23299719138641728,0.0,735.4468064901758,4083.408599699014,4818.85540618919,227.47744530987876,-0.6691449632976652
217,19,2,0.05508071775571351,0.007953672327945345,-0.005305316335271561,0.00040500136051854047,-0.06366379602325874,0.004860016326222486,-0.010610632670543123,0.0008100027210370809,0.33748385397247094,0.0,784.3756858159352,4304.153506453117,5088.529192269053,1.7174863489747991,-1.2090905329861
218,19,3,0.004738040638764142,0.002671431181106958,-0.002869566324261345,0.0003018105392169812,-0.034434795891136134,0.0036217264706037747,-0.008608698972784034,0.0009054316176509437,0.40680143042721845,0.0,811.1021759721671,4497.022586109062,5308.12476208123,0.29855508456161634,-0.7983237602928815
219,19,4,-0.002809181381113422,0.0005860221618134732,-0.002833334384984705,3.3526730319755894e-05,-0.03400001261981646,0.00040232076383707113,-0.01133333753993882,0.00013410692127902358,0.4392538058432475,0.0,818.5204083972725,4503.83030476395,5322.350713161223,-0.30495387885275366,-0.9711033904581998
220,19,5,-0.0033685300570148228,-0.0002568890396173847,-0.0023663738003485467,-0.0002006931629294826,-0.028396485604182564,-0.002408317955153791,-0.011831869001742734,-0.0010034658146474127,0.48817085289397394,0.0,839.1231806962294,4637.770752955787,5476.893933652017,-0.501671424695667,-0.8732848037978997
221,19,6,-0.0016804999479244117,1.5692201589079104e-05,-0.001368080668374429,-5.46348499751444e-05,-0.01641696802049315,-0.0006556181997017337,-0.008208484010246573,-0.00032780909985086686,0.5217821722476921,0.0,860.8957901378016,4725.109777996673,5586.005568134474,-0.310302115644521,-0.5148474115235547
222,19,7,-0.001619997714179937,-0.00016503873024999662,-0.0012278326355647864,-0.0001349685620137937,-0.014733991626777437,-0.0016196227441655237,-0.008594828448953503,-0.0009447799340965558,0.5327892245102743,0.0,863.8912211064224,4755.568137071564,5619.459358177985,-0.38458432984879204,-0.5046878428428594
223,19,8,-0.0013004628400978204,8.664218598187193e-05,-0.0010281242662965547,3.347366650726248e-05,-0.012337491195558657,0.00040168399808715054,-0.008224994130372438,0.0002677893320580998,0.5440843362052069,0.0,879.4702338548443,4766.654177465018,5646.124411319864,-0.3442866126772081,-0.41073827764561055
224,19,9,-0.001311918222118729,0.00018927144029451187,-0.001069496619630325,0.000127383730087044,-0.012833959435563896,0.001528604761044529,-0.009625469576672922,0.0011464535707833964,0.5589832594143461,0.0,882.5652111533482,4798.035179058243,5680.600390211589,-0.3349092997115767,-0.3646862431746178
225,19,10,-0.002091301136856807,-0.00013934254465281545,-0.0017848853841917762,-0.00012359225141947677,-0.02141862461030131,-0.0014831070170337217,-0.017848853841917756,-0.0012359225141947686,0.5694170998014259,0.0,879.4545469023099,4819.535700140419,5698.990247042729,-0.831828922008023,-0.850152728023296
226,19,11,-0.0017806476370281982,-8.746776581180464e-05,-0.0016496134640378074,-8.341362870684796e-05,-0.019795361568453684,-0.0010009635444821754,-0.018145748104415882,-0.0009175499157753275,0.5758602116156087,0.0,877.815963307885,4838.257707833331,5716.073671141215,-0.7508227981785864,-0.757806635078583
227,19,12,-0.001661380597015409,-0.00015625585038677174,-0.0016613805970154098,-0.00015625585038677472,-0.01993656716418492,-0.0018750702046412967,-0.01993656716418492,-0.0018750702046412967,0.5757251265244564,0.0,880.5319318047325,4834.980695713588,5715.512627518321,-0.8421458614185487,-0.842145861418549
228,20,1,0.6367217553465078,0.09218559563082121,-0.01354932186995524,0.0011378528849003541,-0.16259186243946286,0.013654234618804249,-0.01354932186995524,0.0011378528849003541,0.24338134258624536,0.0,731.035408369811,4037.0824345046835,4768.117842874493,3.5050305321153314,-2.568452118399674
229,20,2,0.020272809744215997,0.011149589111578763,-0.0054979720726831246,0.0006829716416115393,-0.0659756648721975,0.00819565969933847,-0.010995944145366249,0.0013659432832230786,0.3594139033776368,0.0,778.8807112851177,4374.484777096592,5153.365488381711,0.572828769739906,-1.1727623440113897
230,20,3,3.593228809655024e-06,0.0035355354558666984,-0.003330906001739361,0.0004944359862446979,-0.03997087202087234,0.005933231834936374,-0.009992718005218086,0.0014833079587340935,0.43777280512793193,0.0,809.8124332506108,4538.287871892512,5348.100305143123,0.00022584474566085476,-0.9261582258642678
231,20,4,-0.005288122065714744,0.000429262069354224,-0.0032071941862382223,-2.7465193339852834e-05,-0.03848633023485867,-0.00032958232007823397,-0.01282877674495289,-0.00010986077335941134,0.4874224653239182,0.0,820.2559046809216,4636.79796192855,5457.053866609472,-0.5227892454743132,-0.987848307076941
232,20,5,-0.0037180651329708774,3.7102409548769435e-05,-0.0023115968987694096,-8.280688662918987e-05,-0.02773916278523291,-0.000993682639550279,-0.011557984493847047,-0.00041403443314594974,0.5198970496033345,0.0,833.0751915029294,4712.464173765076,5545.539365268006,-0.530959394120506,-0.8152351135080085
233,20,6,-0.002684021912379755,-0.00046078677973332904,-0.0017526075284556401,-0.00029066188117989197,-0.02103129034146768,-0.0034879425741587036,-0.01051564517073384,-0.0017439712870793518,0.5451798109385307,0.0,847.8679051849681,4781.112727734274,5628.980632919242,-0.5272069378594954,-0.6996124200940675
234,20,7,-0.0022387823004344407,-0.0002817912850673417,-0.0015300261680039665,-0.00020419380289866192,-0.018360314016047596,-0.002450325634783943,-0.010710183176027763,-0.0014293566202906334,0.5565835111245007,0.0,860.3186162739615,4795.867388433382,5656.186004707343,-0.5536544497149162,-0.6545054521028589
235,20,8,-0.0019075556742462212,-0.00019573765313770803,-0.0013984289810704588,-0.00015393326164656122,-0.016781147772845503,-0.0018471991397587353,-0.01118743184856367,-0.0012314660931724898,0.5662654600566615,0.0,858.1188035859237,4823.582501881737,5681.70130546766,-0.5740221175646635,-0.6339807726095921
236,20,9,-0.002070291579581924,-0.0001276325256698623,-0.001624703125878636,-0.00010944827844247907,-0.019496437510543623,-0.00131337934130975,-0.014622328132907722,-0.0009850345059823121,0.6003651618083408,0.0,872.0013031447476,4905.124666704939,5777.125969849687,-0.7327708097515061,-0.7676155175078934
237,20,10,-0.001430468575639955,0.00024326176018542802,-0.0012364990013364627,0.00019365269465051554,-0.014837988016037555,0.0023238323358061863,-0.012364990013364626,0.0019365269465051553,0.6135112438081336,0.0,872.8600532348477,4945.4391220754105,5818.299175310257,-0.47930985540020454,-0.4975651489141646
238,20,11,-0.0015107780585996368,0.00019511713163657563,-0.001402339084040367,0.0001751558807480053,-0.016828069008484402,0.0021018705689760634,-0.015425729924444036,0.001926714688228058,0.620778292844438,0.0,874.9970777059682,4949.346651874452,5824.34372958042,-0.6240816485066961,-0.6318687955499195
239,20,12,-0.0010742362454731614,3.766399172719556e-05,-0.0010742362454731617,3.7663991727197124e-05,-0.012890834945677939,0.00045196790072636557,-0.012890834945677939,0.00045196790072636557,0.6363715941467102,0.0,889.7295626163468,4991.197698093493,5880.927260709841,-0.5089247838474422,-0.5089247838474423
240,21,1,0.6134782576764788,0.08975426193835286,-0.008589929364607425,0.0007570561970563341,-0.10307915237528911,0.009084674364676007,-0.008589929364607425,0.0007570561970563341,0.24270708599697474,0.0,742.1202504403251,4035.6788352092817,4777.799085649607,3.2287574675843964,-1.343546375064941
241,21,2,0.04092227914312216,0.014742800755971189,-0.0024696555931643894,0.001221806820990278,-0.029635867117972673,0.014661681851883336,-0.004939311186328779,0.002443613641980556,0.34780722778223244,0.0,776.8595230195416,4356.63775553308,5133.4972785526215,1.2474373364895306,-0.5626737958102063
242,21,3,0.006330375656027744,0.003947353251416015,-0.0015105200127835,0.0006020316348060717,-0.018126240153402005,0.00722437961767286,-0.004531560038350501,0.001806094904418215,0.4218366336516552,0.0,796.6961541075364,4512.739963157174,5309.43611726471,0.3849910325296307,-0.3879312304875993
243,21,4,0.0020731058210226223,0.0011864277707014056,-0.0007981124997188744,0.00022012822397871512,-0.009577349996626494,0.0026415386877445806,-0.0031924499988754975,0.0008805128959148605,0.48740243293605034,0.0,822.5134204593704,4667.229596154659,5489.743016614029,0.17842986770542982,-0.21192017256960918
244,21,5,-0.0004504427151108489,0.000862190895331857,-0.0009554833869608104,0.0002705294404053676,-0.011465800643529728,0.0032463532848644107,-0.004777416934804053,0.0013526472020268382,0.5208701497822735,0.0,836.2340702894859,4741.739758267543,5577.973828557029,-0.05300978141988901,-0.27353819021695797
245,21,6,-0.0007260235048261593,0.0005677125372758633,-0.0007797410255867284,0.0002267513735467635,-0.009356892307040746,0.002721016482561162,-0.004678446153520371,0.0013605082412805809,0.5387216382278354,0.0,853.3997446353789,4775.676312279802,5629.076056915181,-0.10592061649473794,-0.22950380784358557
246,21,7,-0.0010413440827228208,0.0005748429670105118,-0.0008302390800293686,0.0003005702737654063,-0.009962868960352426,0.0036068432851848763,-0.005811673560205581,0.0021039919163578446,0.5616636792951538,0.0,863.333374493757,4823.564439896618,5686.897814390374,-0.18652723086307935,-0.2563548147600028
247,21,8,-0.001500473154029531,0.0005754301581142056,-0.0011289948998060638,0.0003622279733103024,-0.013547938797672762,0.004346735679723628,-0.00903195919844851,0.002897823786482419,0.59364154531098,0.0,877.435025601548,4903.568577647121,5781.00360324867,-0.3342494007680509,-0.3788507348085454
248,21,9,-0.0013638068679865563,0.000987179387400077,-0.0010935187205384314,0.0007260742411916791,-0.01312222464646118,0.008712890894300152,-0.009841668484845887,0.006534668170725114,0.6077496248786138,0.0,881.0423927615902,4934.89137459582,5815.933767357409,-0.3152724770004416,-0.337976208758486
249,21,10,-0.0015035002973307035,0.0008438672596928021,-0.0012875584818758748,0.0006951311678693953,-0.015450701782510496,0.008341574014432744,-0.012875584818758746,0.006951311678693954,0.6278281830463234,0.0,882.8090070604618,4964.227562452005,5847.036569512466,-0.3857973512588743,-0.3969121547707653
250,21,11,-0.0016743879159688006,0.00047230203526821323,-0.0015480670462131277,0.00042955807601037375,-0.01857680455455753,0.005154696912124483,-0.017028737508344403,0.004725138836114111,0.6434043603715754,0.0,890.7217415833231,4988.762279885197,5879.484021468522,-0.5212433428660403,-0.5258705481070001
251,21,12,-0.0014352149563792312,2.8555504868891987e-05,-0.0014352149563792327,2.8555504868890574e-05,-0.017222579476550794,0.0003426660584266855,-0.017222579476550794,0.000342666058426686,0.6470283086668907,0.0,919.4695192827605,4991.2808596753375,5910.750378958099,-0.5344570589899303,-0.5344570589899316
252,22,1,0.718370761550442,0.09156323084606521,-0.007340139081206517,0.000560629851517476,-0.08808166897447821,0.0067275582182097105,-0.007340139081206517,0.000560629851517476,0.2267788503385926,0.0,736.0098339470312,4014.7142725530766,4750.724106500107,2.6649261115540464,-0.9694621492400416
253,22,2,0.03606803545008731,0.005543496401610329,-0.002233259241227891,8.078436854168157e-05,-0.026799110894734694,0.0009694124225001788,-0.004466518482455782,0.00016156873708336313,0.32519181386540963,0.0,768.4012303878529,4250.432570271874,5018.833800659727,1.2556575013502074,-0.5764401764030425
254,22,3,0.010903038938700092,0.0008615705433327421,-0.00027630292712574046,-6.977304132371856e-05,-0.0033156351255088797,-0.0008372764958846237,-0.0008289087813772199,-0.00020931912397115555,0.3964397461741025,0.0,804.1537186048607,4438.929251914963,5243.082970519822,0.7279038907858091,-0.07887206601393118
255,22,4,0.002991492418028313,0.0007709238429734268,-0.0003851357527141568,0.00012223535519524472,-0.0046216290325698925,0.0014668242623429363,-0.0015405430108566271,0.0004889414207809789,0.4499813377230378,0.0,826.2777031046214,4556.482969387056,5382.760672491677,0.2360255326923346,-0.09428288347235458
256,22,5,0.0008160806906687156,0.000689460710235928,-0.0003877885124107722,0.00019655770116777562,-0.004653462148929269,0.002358692414013307,-0.0019389425620538606,0.000982788505838878,0.47802386256672336,0.0,839.9964643176901,4604.910415980381,5444.906880298072,0.06523906784094621,-0.07691132505686003
257,22,6,0.0004484609769413896,-1.0331477481552892e-05,-0.00015129406327495735,-4.868773784580179e-05,-0.0018155287592994873,-0.0005842528541496215,-0.0009077643796497436,-0.00029212642707481077,0.5088184409293806,0.0,854.3624297075304,4691.408217300024,5545.770647007555,0.053605537793782104,-0.036413531163693565
258,22,7,-0.00026871508914051945,0.00019422609980795534,-0.00038119308450516886,8.940853550946821e-05,-0.004574317014062027,0.001072902426113619,-0.002668351591536184,0.0006258597485662772,0.5427415529669721,0.0,878.7877966181861,4785.766451277021,5664.554247895207,-0.05554220701988871,-0.13583295675695214
259,22,8,0.0008503109938214238,0.0014454016199237927,0.0004116676151423199,0.0009421378481348903,0.004940011381707832,0.011305654177618685,0.003293340921138559,0.007537102785079123,0.5752942945177342,0.0,891.9148595940651,4863.752068298307,5755.666927892374,0.11751671194382635,0.08587513246691644
260,22,9,-0.0003066267838381982,0.0005487471255667449,-0.0003133203997346255,0.00040141960239187594,-0.0037598447968155055,0.00481703522870251,-0.0028198835976116295,0.0036127764215268822,0.5769065957834366,0.0,882.8133702110613,4851.558214376205,5734.371584587266,-0.0874296644017524,-0.11949153366900236
261,22,10,-0.0009368323629964193,0.0003832092488835199,-0.000823090033976379,0.0003129977673125299,-0.009877080407716548,0.003755973207750359,-0.008230900339763788,0.003129977673125299,0.6043601409391233,0.0,888.6734453707597,4929.195293073405,5817.8687384441655,-0.2549073266242255,-0.26906501708592934
262,22,11,-0.0013765130763120062,-0.00019712106168734374,-0.0012791924696054636,-0.00018337629813665318,-0.015350309635265555,-0.002200515577639838,-0.014071117165660094,-0.0020171392795031847,0.607912917557355,0.0,904.2036009297806,4907.384579889281,5811.588180819062,-0.5161044694032942,-0.5232806132072637
263,22,12,-0.0012409407802303994,5.235934718859293e-05,-0.0012409407802304007,5.23593471885908e-05,-0.01489128936276481,0.0006283121662630888,-0.01489128936276481,0.0006283121662630886,0.6015054595275777,0.0,913.1692125447861,4802.720637446841,5715.889849991626,-0.6549524056683617,-0.6549524056683618
264,23,1,0.5182928684039554,0.25564470813839657,-0.005012950722242492,0.0010574193492756518,-0.060155408666909896,0.012689032191307827,-0.005012950722242492,0.0010574193492756518,0.1910946562032553,0.0,718.5493163283822,3898.9648530102304,4617.514169338613,0.32415957632740894,-0.7028801808039499
265,23,2,0.0683166444204132,0.020825275337874493,0.0015103216516284248,0.0014375391174869564,0.018123859819541094,0.01725046940984348,0.0030206433032568497,0.002875078234973913,0.2973928166313343,0.0,776.0243938054218,4180.697119133379,4956.7215129388,0.8331291278178385,0.26331542049635465
266,23,3,0.016507191753909873,0.005103720802275003,0.0009926878768617836,0.000826654812552713,0.011912254522341396,0.009919857750632555,0.002978063630585349,0.0024799644376581383,0.38551896074909164,0.0,809.9604374201809,4372.646054692419,5182.6064921126,0.7381806874606717,0.23201835122971767
267,23,4,0.0061478381943783295,0.003662132993424841,0.0005793761894653125,0.0009893802876469113,0.006952514273583741,0.011872563451762935,0.00231750475786125,0.003957521150587645,0.41540793179613283,0.0,828.3173705178751,4404.634495253267,5232.951865771142,0.36574137171795557,0.1134977470801025
268,23,5,0.003525593250038031,0.0017312541186439944,0.0006760079713309515,0.0006163565584577179,0.00811209565597142,0.007396278701492615,0.003380039856654759,0.0030817827922885893,0.45925883188334915,0.0,846.7726248485027,4503.094313077254,5349.866937925756,0.36217541207790305,0.1727164895538412
269,23,6,0.0026164272729881127,0.0010670727352403112,0.0008567904279674808,0.00047944281697349743,0.010281485135609766,0.0057533138036819685,0.005140742567804883,0.0028766569018409843,0.49970350975276073,0.0,877.7092982631002,4633.009764319979,5510.719062583079,0.44501728479595193,0.2995588113952695
270,23,7,0.002472132113861538,0.002064537274650492,0.0011401333570870652,0.0011620698190817152,0.01368160028504479,0.013944837828980582,0.00798093349960946,0.008134488733572006,0.5317943779758657,0.0,889.3756342375426,4710.937381993565,5600.313016231109,0.2842726972259124,0.2275614501869127
271,23,8,0.0007293531595850992,0.001029216461755739,0.0003227750236188262,0.0006648635408819371,0.0038733002834259187,0.007978362490583245,0.0025822001889506097,0.005318908327055497,0.5337182691390638,0.0,881.7413078313592,4702.590886371834,5584.332194203193,0.17752911192406756,0.11877635931305998
272,23,9,0.0003651134400781339,0.0007479205700673944,0.0001823082994698226,0.0005478257842082204,0.0021876995936378736,0.0065739094104986465,0.0016407746952284022,0.004930432057873986,0.5473913569470136,0.0,887.1947537613211,4764.945509234601,5652.140262995924,0.09305668409330246,0.0621843330862874
273,23,10,0.00015014179230644957,0.00011845021354234733,7.764855908278968e-05,9.130487803643362e-05,0.0009317827089934803,0.0010956585364372033,0.0007764855908278967,0.0009130487803643366,0.5704018228323133,0.0,905.8400163921515,4789.950433656004,5695.7904500481545,0.043633498938260816,0.027100456033212973
274,23,11,-0.0008018235733664806,0.0003867649401891527,-0.000753069500429497,0.0003515048614859426,-0.009036834005153963,0.004218058337831312,-0.008283764504724463,0.003866553476345369,0.559791301298579,0.0,897.7077616535528,4671.5881715228015,5569.295933176354,-0.33947603168872936,-0.34799493984442587
275,23,12,-0.0007001975888761172,0.0003558406622711375,-0.0007001975888761183,0.0003558406622711378,-0.008402371066513422,0.0042700879472536545,-0.008402371066513422,0.0042700879472536545,0.5678594096734659,0.0,903.2732132274066,4685.360770010017,5588.633983237423,-0.3498611435369438,-0.3498611435369452
276,24,1,0.8432787213764301,0.060711553431884585,-0.00042790512887261073,0.0010108096038816314,-0.005134861546471334,0.012129715246579572,-0.00042790512887261073,0.0010108096038816314,0.17487959691987182,0.0,717.7794480419809,3912.4193557659173,4630.198803807897,5.843859659100363,-0.07347208287044824
277,24,2,0.053341279924067404,0.007621240651765366,-2.0477224689421523e-06,0.0005427747764622722,-2.4572669627302302e-05,0.006513297317547265,-4.0954449378843046e-06,0.0010855495529245444,0.29390608402222973,0.0,768.9191305900372,4181.584730306045,4950.503860896082,1.593513607411377,-0.0004243571159013149
278,24,3,0.017950064062973597,0.006599233567556589,0.0010440149275938078,0.001267568270512405,0.012528179131125696,0.015210819246148862,0.003132044782781425,0.0038027048115372155,0.37379098923811677,0.0,810.8339200427848,4335.779509644945,5146.613429687732,0.6358835133182945,0.16951931777704687
279,24,4,0.006268963599923581,0.0024154628841362895,0.00045329130816951213,0.0006655782228063578,0.005439495698034146,0.007986938673676293,0.0018131652326780485,0.002662312891225431,0.4293672668515966,0.0,837.4142600570153,4467.63840682416,5305.052666881174,0.5126380744194665,0.11612760059384858
280,24,5,0.0027310074353959477,0.0013260428518634911,0.0002576394155878517,0.0004745679567209317,0.00309167298705422,0.005694815480651182,0.0012881970779392573,0.0023728397836046584,0.47540823000818494,0.0,861.1293214660324,4589.20169756671,5450.331019032743,0.33429324070468724,0.07746797377406164
281,24,6,0.0011467895623048386,0.001253859791083524,0.00011836020457614191,0.0005764225351516675,0.001420322454913701,0.006917070421820011,0.0007101612274568505,0.0034585352109100056,0.5105593034194492,0.0,877.6873552187014,4677.8519646175,5555.539319836203,0.1599246606152351,0.03351546730086806
282,24,7,0.0014230191902848994,0.0009021656299508587,0.0005386486062354279,0.0004937852516450367,0.00646378327482514,0.00592542301974044,0.003770540243647997,0.0034564967615152574,0.5333271356026832,0.0,889.5864182028861,4746.420356540715,5636.0067747436005,0.24357429483937876,0.15987496853550962
283,24,8,0.0010964295394981323,0.000547074530513951,0.0005664564081126407,0.00034514992950987857,0.006797476897351689,0.004141799154118541,0.004531651264901126,0.0027611994360790286,0.5390282848474195,0.0,887.5330777324756,4805.1631050445185,5692.696182776994,0.22806669187685435,0.17811093369007552
284,24,9,0.0013199285387544804,-0.0001557602429575618,0.0008943622628043392,-0.0001279783466456745,0.010732347153652072,-0.0015357401597480946,0.008049260365239055,-0.0011518051198110709,0.5620869020510889,0.0,912.2243419417954,4797.406870891209,5709.631212833003,0.2973219578867491,0.2693304241176749
285,24,10,0.0001236887958663795,0.00012645437528676766,5.3757483772103994e-05,9.979739808403468e-05,0.0006450898052652446,0.001197568777008415,0.0005375748377210396,0.0009979739808403472,0.5621167088008402,0.0,902.764940248579,4730.589296235799,5633.354236484378,0.041003716323597866,0.0214372155458915
286,24,11,-0.00042068769997397824,0.00012749419453324945,-0.00040483063480932627,0.0001145273479356937,-0.004857967617711915,0.001374328175228325,-0.00445313698290259,0.0012598008272926308,0.5771150079387918,0.0,910.1624507206855,4740.957372250337,5651.119822971022,-0.1576689890159925,-0.16570822937362079
287,24,12,-0.00036691956369618093,0.000229888805236841,-0.00036691956369617844,0.00022988880523684075,-0.004403034764354142,0.00275866566284209,-0.004403034764354143,0.002758665662842088,0.5832284822859326,0.0,913.5384909748287,4767.54324349902,5681.081734473848,-0.15379563976522762,-0.1537956397652266
