date,601211.SH,02611.HK
2017-04-11,19.5196,14.057
2017-04-12,19.5619,14.0528
2017-04-13,19.5936,13.9929
2017-04-18,19.2556,14.0304
2017-04-19,19.0338,13.9732
2017-04-20,19.0338,13.9631
2017-04-21,19.1077,14.039
2017-04-24,19.2767,13.9893
2017-04-25,19.3823,13.9795
2017-04-26,19.2028,14.0325
2017-04-27,19.2028,14.0257
2017-04-28,19.2239,14.0317
2017-05-02,19.2239,14.0604
2017-05-04,18.8859,13.8958
2017-05-05,18.8331,13.8602
2017-05-08,18.6958,13.7302
2017-05-09,18.8225,13.4795
2017-05-10,18.8225,13.3621
2017-05-11,18.6429,13.5852
2017-05-12,18.8542,13.6478
2017-05-15,18.9387,13.6041
2017-05-16,19.0232,13.6027
2017-05-17,19.1499,13.5187
2017-05-18,19.0126,13.4839
2017-05-19,18.9387,13.5573
2017-05-22,19.0021,13.5336
2017-05-23,19.0654,13.546
2017-05-24,19.3401,13.5968
2017-05-25,19.4351,13.5833
2017-05-26,19.9421,13.596
2017-05-31,20.1956,13.7925
2017-06-01,20.2801,13.7728
2017-06-02,20.4597,13.6814
2017-06-05,20.2273,13.7091
2017-06-06,20.2168,13.7567
2017-06-07,20.2696,13.7727
2017-06-08,20.4491,13.8033
2017-06-09,20.4069,13.8429
2017-06-12,20.1745,13.6826
2017-06-13,20.3118,13.6618
2017-06-14,20.333,13.608
2017-06-15,20.333,13.6258
2017-06-16,20.4597,13.7524
2017-06-19,20.2062,13.7171
2017-06-20,21.0829,13.7958
2017-06-21,21.2836,13.97
2017-06-22,20.8611,14.0063
2017-06-23,20.9139,14.1044
2017-06-26,21.0407,14.083
2017-06-27,21.6322,14.2556
2017-06-28,21.5477,14.3429
2017-06-29,21.5688,14.2961
2017-06-30,21.3998,14.3207
2017-07-03,21.5899,14.1852
2017-07-04,21.3364,14.0768
2017-07-05,21.3364,14.1278
2017-07-06,21.2308,14.1011
2017-07-07,21.1357,14.0336
2017-07-10,21.3892,14.1299
2017-07-11,21.442,14.3573
2017-07-12,21.8857,14.4558
2017-07-13,21.8434,14.551
2017-07-14,22.0863,14.5281
2017-07-17,22.3927,14.3858
2017-07-18,21.7272,14.3827
2017-07-19,21.3892,14.3464
2017-07-20,22.6462,14.6026
2017-07-21,22.4455,14.8983
2017-07-24,22.2342,14.8653
2017-07-25,22.0441,14.8334
2017-07-26,21.9702,14.9955
2017-07-27,22.1075,14.8245
2017-07-28,22.118,14.7537
2017-07-31,21.8962,14.6813
2017-08-01,22.0441,14.7531
2017-08-02,22.3082,14.7077
2017-08-03,22.4138,14.6862
2017-08-04,22.0124,14.5977
2017-08-07,21.9702,14.7889
2017-08-08,21.2308,14.5343
2017-08-09,21.3047,14.5724
2017-08-10,20.8611,14.559
2017-08-11,20.9139,14.4731
2017-08-14,20.9984,14.1741
2017-08-15,21.2308,14.3078
2017-08-16,21.0829,14.3401
2017-08-17,20.9561,14.2608
2017-08-18,21.1568,14.2135
2017-08-21,20.8611,14.1898
2017-08-22,20.9984,14.1294
2017-08-24,21.178,14.0953
2017-08-25,20.9245,14.1423
2017-08-28,21.9702,14.2333
2017-08-29,22.8257,14.4897
2017-08-30,22.7201,14.5295
2017-08-31,22.6145,14.3577
2017-09-01,22.8152,14.3353
2017-09-04,22.9525,14.3
2017-09-05,22.7095,14.4023
2017-09-06,22.6567,14.2384
2017-09-07,22.7307,14.2636
2017-09-08,22.3082,14.2506
2017-09-11,22.1497,14.1908
2017-09-12,22.2448,14.353
2017-09-13,22.3715,14.3607
2017-09-14,22.3082,14.4121
2017-09-15,22.3398,14.3532
2017-09-18,22.4877,14.4599
2017-09-19,22.7307,14.8393
2017-09-20,22.2976,14.6074
2017-09-21,22.5617,14.8426
2017-09-22,22.7307,15.0012
2017-09-25,22.8891,14.8968
2017-09-26,22.8891,14.3757
2017-09-27,22.8363,14.4544
2017-09-28,22.6145,14.3464
2017-09-29,22.6039,14.2233
2017-10-09,23.3433,14.7368
2017-10-10,22.7835,14.7915
2017-10-11,22.5722,14.8161
2017-10-12,22.5722,14.7374
2017-10-13,22.4349,14.9157
2017-10-16,22.4032,15.0299
2017-10-17,22.361,15.2044
2017-10-18,22.1814,15.2305
2017-10-19,22.3821,15.3537
2017-10-20,22.1814,15.081
2017-10-23,22.023,15.6133
2017-10-24,21.8012,15.4119
2017-10-25,22.0969,15.7097
2017-10-26,22.0863,15.4611
2017-10-27,21.9913,15.7772
2017-10-30,21.611,15.7618
2017-10-31,21.1463,15.4082
2017-11-01,21.1252,15.4843
2017-11-02,20.9245,15.5108
2017-11-03,20.9984,15.3283
2017-11-06,21.0407,15.2316
2017-11-07,21.1146,15.0904
2017-11-08,21.3153,15.2706
2017-11-09,21.4948,15.6381
2017-11-10,21.5265,15.3995
2017-11-13,21.442,15.3906
2017-11-14,21.4209,15.1678
2017-11-15,21.1357,14.7241
2017-11-16,21.0301,14.6711
2017-11-17,20.7977,14.8519
2017-11-20,21.2836,14.625
2017-11-21,21.3364,14.6114
2017-11-22,21.8645,14.9368
2017-11-23,22.0018,15.1289
2017-11-24,21.4632,14.9149
2017-11-27,21.4526,14.8504
2017-11-28,21.5477,14.6904
2017-11-29,21.4737,15.0079
2017-11-30,21.3258,14.7333
2017-12-01,21.4315,14.5999
2017-12-04,21.1357,14.3849
2017-12-05,21.0935,14.2248
2017-12-06,21.4526,14.444
2017-12-07,21.4526,14.4375
2017-12-08,21.2413,14.4838
2017-12-11,21.0723,14.5042
2017-12-12,21.0512,14.8791
2017-12-13,20.7026,14.8346
2017-12-14,20.4914,14.5695
2017-12-15,20.164,14.6441
2017-12-18,20.2485,14.8209
2017-12-19,20.1745,14.6118
2017-12-20,20.259,14.5342
2017-12-21,20.0372,14.6194
2017-12-22,20.0795,14.5916
2017-12-27,19.7943,14.7204
2017-12-28,19.6464,14.5695
2017-12-29,19.7098,14.5114
2018-01-02,19.5725,14.4156
2018-01-03,19.7837,14.6847
2018-01-04,20.2168,14.8096
2018-01-05,20.1745,14.9456
2018-01-08,20.259,15.0736
2018-01-09,20.502,15.2819
2018-01-10,20.428,15.2582
2018-01-11,20.1956,15.489
2018-01-12,20.2379,15.5038
2018-01-15,20.1851,15.5181
2018-01-16,19.8682,14.9077
2018-01-17,20.4808,14.8171
2018-01-18,20.9139,15.3757
2018-01-19,21.178,15.5435
2018-01-22,21.516,16.7717
2018-01-23,21.611,17.1499
2018-01-24,21.9279,17.0855
2018-01-25,22.3504,16.9142
2018-01-26,22.0335,16.5536
2018-01-29,21.9702,16.7915
2018-01-30,21.5265,16.2377
2018-01-31,21.178,15.8746
2018-02-01,21.2836,15.991
2018-02-02,21.2625,15.8735
2018-02-05,20.9667,15.1475
2018-02-06,20.9667,15.888
2018-02-07,20.9033,15.4565
2018-02-08,20.2485,14.6575
2018-02-09,19.6992,15.274
2018-02-12,18.4951,13.9547
2018-02-13,18.2944,14.1533
2018-02-14,18.5056,14.2401
2018-02-22,18.7697,14.3544
2018-02-23,18.6641,14.7673
2018-02-26,18.9598,15.0029
2018-02-27,19.3823,14.8837
2018-02-28,18.907,14.6515
2018-03-01,18.7591,14.7309
2018-03-02,18.7063,14.6453
2018-03-05,18.7169,14.0602
2018-03-06,18.8119,14.2444
2018-03-07,18.9915,14.302
2018-03-08,18.907,14.4485
2018-03-09,18.9387,14.2101
2018-03-12,19.3295,14.6562
2018-03-13,19.5091,14.5304
2018-03-14,19.0232,14.4616
2018-03-15,18.9704,14.2864
2018-03-16,19.0232,14.232
2018-03-19,18.6641,14.0149
2018-03-20,18.6007,13.8855
2018-03-21,18.7803,13.7699
2018-03-22,18.7697,13.7992
2018-03-23,18.2204,13.5282
2018-03-26,17.5233,13.6079
2018-03-27,18.0092,13.64
2018-03-28,17.7979,13.6032
2018-03-29,17.8191,13.7397
2018-04-03,18.0092,13.6739
2018-04-04,18.1676,14.271
2018-04-09,18.0514,14.6353
2018-04-10,18.2521,14.383
2018-04-11,18.5162,14.4261
2018-04-12,18.5479,14.4086
2018-04-13,18.4739,14.647
2018-04-16,18.2944,14.6275
2018-04-17,18.062,14.3937
2018-04-18,18.5901,14.4041
2018-04-19,18.6429,14.5686
2018-04-20,18.5373,14.4256
2018-04-23,17.9669,14.4628
2018-04-24,18.3366,14.0431
2018-04-25,18.6535,14.0651
2018-04-26,18.8014,14.2747
2018-04-27,18.5796,14.2989
2018-05-02,18.8014,15.4441
2018-05-03,18.5901,15.3302
2018-05-04,18.8225,15.2137
2018-05-07,18.8859,15.3585
2018-05-08,18.8859,15.3796
2018-05-09,19.0126,15.8
2018-05-10,18.9598,15.8252
2018-05-11,18.9915,15.7966
2018-05-14,18.8014,15.6548
2018-05-15,18.7803,16.418
2018-05-16,18.6218,15.5753
2018-05-17,18.5162,15.5434
2018-05-18,18.3261,15.7582
2018-05-21,18.6958,15.8454
2018-05-23,18.4528,15.6472
2018-05-24,18.3049,15.4013
2018-05-25,18.1676,15.4959
2018-05-28,17.9881,16.306
2018-05-29,18.0409,15.6029
2018-05-30,17.6395,14.9929
2018-05-31,17.5233,15.1081
2018-06-01,17.6923,14.724
2018-06-04,17.6078,14.8549
2018-06-05,17.6818,15.6145
2018-06-06,17.6818,14.8631
2018-06-07,17.7029,15.3722
2018-06-08,17.6606,15.227
2018-06-11,17.3226,15.5254
2018-06-12,17.4282,14.9843
2018-06-13,17.4494,15.4116
2018-06-14,17.3226,16.5711
2018-06-15,17.4494,15.1744
2018-06-19,17.217,15.0226
2018-06-20,16.1502,14.2758
2018-06-21,16.0551,14.4133
2018-06-22,15.6115,15.2335
2018-06-25,15.8967,14.5024
2018-06-26,15.4002,14.0176
2018-06-27,15.527,13.6353
2018-06-28,15.4319,13.4413
2018-06-29,15.8045,13.6398
2018-07-03,15.6634,14.1645
2018-07-04,15.7611,14.4159
2018-07-05,15.5006,13.615
2018-07-06,15.4246,13.7267
2018-07-09,15.3595,13.6225
2018-07-10,15.6417,13.7617
2018-07-11,15.5006,13.8783
2018-07-12,15.4029,13.4398
2018-07-13,15.8697,13.9646
2018-07-16,15.7937,13.8482
2018-07-17,15.5983,13.6691
2018-07-18,15.5983,14.1255
2018-07-19,15.4029,14.0519
2018-07-20,15.4029,14.0717
2018-07-23,15.772,14.0202
2018-07-24,16.1193,14.1918
2018-07-25,16.445,14.4939
2018-07-26,16.445,14.3613
2018-07-27,16.2604,14.0067
2018-07-30,16.1736,14.1517
2018-07-31,16.1193,14.4617
2018-08-01,16.3364,14.5594
2018-08-02,15.9348,14.3607
2018-08-03,15.6417,14.0281
2018-08-06,15.468,14.0102
2018-08-07,15.3703,14.2478
2018-08-08,15.6851,14.7239
2018-08-09,15.4029,14.7609
2018-08-10,15.9348,14.9559
2018-08-13,15.7394,14.6295
2018-08-14,15.7828,14.4277
2018-08-15,15.8045,14.8941
2018-08-16,15.3921,14.9146
2018-08-17,15.7286,14.3434
2018-08-20,15.5874,14.6487
2018-08-21,15.9456,15.235
2018-08-22,16.0868,15.5369
2018-08-23,16.0325,15.3796
2018-08-24,16.065,14.6646
2018-08-27,16.1302,14.8188
2018-08-28,16.2604,15.1479
2018-08-29,16.0759,14.5119
2018-08-30,16.0108,15.4137
2018-08-31,15.7068,14.2097
2018-09-03,15.7828,14.8575
2018-09-04,15.8805,14.3389
2018-09-05,15.9782,15.1078
2018-09-06,15.6851,13.4354
2018-09-07,15.6851,13.9513
2018-09-10,15.6634,14.0055
2018-09-11,15.4029,13.3439
2018-09-12,15.4355,13.0327
2018-09-13,15.7503,13.8131
2018-09-14,16.0108,14.665
2018-09-17,15.7394,14.787
2018-09-18,15.6417,13.8324
2018-09-19,15.9999,14.6065
2018-09-20,16.0868,14.8174
2018-09-21,16.1193,14.7822
2018-09-26,16.2604,14.504
2018-09-27,16.3039,14.8556
2018-09-28,16.2387,14.7786
2018-10-08,15.9456,14.4175
2018-10-09,15.6526,14.4813
2018-10-10,15.6091,14.4821
2018-10-11,15.2401,14.228
2018-10-12,14.9579,13.9097
2018-10-15,14.7625,14.2596
2018-10-16,14.6539,14.5047
2018-10-18,14.8168,14.3159
2018-10-19,14.5454,14.5381
2018-10-22,15.4246,14.8478
2018-10-23,16.8249,15.4726
2018-10-24,15.8154,15.4416
2018-10-25,15.8697,14.8865
2018-10-26,16.5861,15.054
2018-10-29,16.2821,15.1523
2018-10-30,16.1627,14.8796
2018-10-31,16.5318,15.0915
2018-11-01,16.738,15.2834
2018-11-02,17.1505,15.3238
2018-11-05,17.042,15.3293
2018-11-06,16.9226,15.3901
2018-11-07,16.7706,15.2268
2018-11-08,16.7163,15.4348
2018-11-09,16.2279,15.2354
2018-11-12,16.2604,14.5337
2018-11-13,16.4015,14.6338
2018-11-14,16.8683,15.3743
2018-11-15,16.6186,14.6305
2018-11-16,17.0963,14.9133
2018-11-19,17.5087,15.1777
2018-11-20,17.791,15.3822
2018-11-21,17.2374,14.8555
2018-11-22,17.5739,14.7544
2018-11-23,17.2699,14.887
2018-11-26,17.1505,14.4656
2018-11-27,17.0203,14.7691
2018-11-28,16.8357,14.8961
2018-11-29,17.3676,14.8829
2018-11-30,17.0637,14.7846
2018-12-03,18.236,15.1268
2018-12-04,18.0081,15.3567
2018-12-05,17.9646,14.9832
2018-12-06,17.8018,15.4664
2018-12-07,17.7475,15.22
2018-12-10,17.5847,14.274
2018-12-11,17.6498,14.2121
2018-12-12,18.0081,14.2028
2018-12-13,17.8018,14.7247
2018-12-14,17.8886,14.4942
2018-12-17,17.563,15.1021
2018-12-18,17.639,14.2547
2018-12-19,17.3351,14.3903
2018-12-20,17.0528,14.3745
2018-12-21,16.9768,14.2077
2018-12-24,16.8032,13.9087
2018-12-27,16.5318,14.1647
2018-12-28,16.3473,14.3014
2019-01-02,16.6078,14.5554
2019-01-03,16.6946,14.3163
2019-01-04,16.9877,14.2628
2019-01-07,18.0949,14.2218
2019-01-08,18.1492,14.2823
2019-01-09,18.388,14.0529
2019-01-10,18.236,14.6583
2019-01-11,18.2034,14.5501
2019-01-14,18.236,14.2592
2019-01-15,18.0732,14.0913
2019-01-16,18.236,14.3541
2019-01-17,18.312,15.0591
2019-01-18,18.0732,14.4531
2019-01-21,18.0081,14.7601
2019-01-22,17.8344,14.5963
2019-01-23,17.5413,14.3164
2019-01-24,17.5847,14.9774
2019-01-25,17.6933,15.1475
2019-01-28,17.8995,15.2736
2019-01-29,17.9646,15.2297
2019-01-30,17.8018,14.2784
2019-01-31,17.8018,14.4754
2019-02-01,18.4748,15.8206
2019-02-11,18.4531,15.1189
2019-02-12,18.7245,15.3729
2019-02-13,18.9416,15.2448
2019-02-14,19.2455,15.5265
2019-02-15,19.2021,15.1458
2019-02-18,19.0284,15.3297
2019-02-19,19.6037,15.9287
2019-02-20,19.5169,15.7477
2019-02-21,19.3323,16.1979
2019-02-22,19.5386,15.7438
2019-02-25,21.7638,16.5286
2019-02-26,23.3377,16.7287
2019-02-27,22.0352,16.459
2019-02-28,21.7855,15.4708
2019-03-01,21.4056,15.325
2019-03-04,21.8289,15.4359
2019-03-05,21.5793,15.3528
2019-03-06,21.8723,15.3824
2019-03-07,23.0772,15.624
2019-03-08,22.643,15.2303
2019-03-11,21.6878,14.9939
2019-03-12,22.122,15.3292
2019-03-13,22.2523,15.3787
2019-03-14,21.5684,15.2321
2019-03-15,21.004,15.215
2019-03-18,20.9931,15.2677
2019-03-19,21.4382,15.244
2019-03-20,21.2645,15.2174
2019-03-21,21.4707,14.8818
2019-03-22,21.6878,15.3463
2019-03-25,21.2536,15.0126
2019-03-26,21.0257,15.3293
2019-03-27,20.5698,15.1404
2019-03-28,20.3201,15.0607
2019-03-29,20.4612,15.2
2019-04-01,21.8832,15.5378
2019-04-02,22.2957,15.8299
2019-04-03,21.8941,15.7147
2019-04-04,23.0121,15.928
2019-04-08,23.0989,16.1033
2019-04-09,22.4259,16.028
2019-04-10,22.4151,14.9951
2019-04-11,22.0569,14.5686
2019-04-12,21.8832,14.4262
2019-04-15,22.4694,14.406
2019-04-16,21.601,14.3598
2019-04-17,22.0243,14.4566
2019-04-18,21.8723,14.3576
2019-04-23,21.3839,14.4311
2019-04-24,21.5358,14.8701
2019-04-25,21.5033,14.876
2019-04-26,20.8846,14.5692
2019-04-29,20.6892,14.6415
2019-04-30,20.5481,14.6189
2019-05-06,19.5603,14.5592
2019-05-07,18.7245,13.9771
2019-05-08,18.3011,13.6325
2019-05-09,18.1275,13.6836
2019-05-10,18.4097,13.5195
2019-05-14,18.1817,13.4109
2019-05-15,18.3228,12.9269
2019-05-16,18.3445,13.2038
2019-05-17,18.4314,14.0839
2019-05-20,17.6824,13.0448
2019-05-21,17.8235,12.9368
2019-05-22,17.9972,13.172
2019-05-23,17.6173,12.8291
2019-05-24,17.6933,12.433
2019-05-27,17.6824,12.7272
2019-05-28,18.0081,12.5552
2019-05-29,17.8344,12.7737
2019-05-30,17.8235,12.1781
2019-05-31,17.6281,12.0179
2019-06-03,17.5087,12.0491
2019-06-04,17.3893,11.9647
2019-06-05,17.4327,11.9042
2019-06-06,17.2482,11.9297
2019-06-10,17.3676,11.7973
2019-06-11,17.4327,12.0698
2019-06-12,18.0189,12.4859
2019-06-13,17.8886,12.0701
2019-06-14,17.9863,11.9957
2019-06-17,17.5304,11.8551
2019-06-18,17.8235,12.0114
2019-06-19,18.7245,12.0976
2019-06-20,18.1057,12.2831
2019-06-21,19.1804,12.4554
2019-06-24,19.7122,12.6714
2019-06-25,19.7231,12.7825
2019-06-26,19.43,12.3892
2019-06-27,19.6146,12.6548
2019-06-28,19.7665,12.6581
2019-07-02,20.2441,12.9611
2019-07-03,19.9945,12.9574
2019-07-04,19.8425,12.6305
2019-07-05,19.7882,12.7663
2019-07-08,19.5386,12.689
2019-07-09,19.2563,12.416
2019-07-10,19.3975,12.2371
2019-07-11,19.7014,12.1552
2019-07-12,19.582,12.3507
2019-07-15,19.4083,12.2325
2019-07-16,19.7231,12.2775
2019-07-17,19.6037,12.299
2019-07-18,19.4517,12.1445
2019-07-19,19.4626,12.0273
2019-07-22,19.7014,12.2705
2019-07-23,19.3975,11.9527
2019-07-24,19.3866,12.0147
2019-07-25,19.4843,11.9693
2019-07-26,19.5494,11.8484
2019-07-29,19.6037,11.7936
2019-07-30,19.3758,11.7408
2019-07-31,19.6254,11.7504
2019-08-01,19.5603,11.9095
2019-08-02,18.9741,11.7632
2019-08-05,18.681,11.142
2019-08-06,17.9646,10.2762
2019-08-07,18.2794,10.3119
2019-08-08,18.4857,10.4451
2019-08-09,18.3337,10.458
2019-08-12,18.2065,10.5269
2019-08-13,18.2175,10.4441
2019-08-14,18.5375,10.2532
2019-08-15,17.9417,9.975
2019-08-16,18.1292,10.0343
2019-08-19,18.4823,10.3585
2019-08-20,19.2216,10.6722
2019-08-21,19.3761,10.4453
2019-08-22,19.332,10.549
2019-08-23,19.3209,10.4347
2019-08-26,18.7692,10.2195
2019-08-27,18.9458,10.3457
2019-08-28,19.1334,10.69
2019-08-29,19.001,10.7347
2019-08-30,19.1444,10.4871
2019-09-02,18.8906,10.6856
2019-09-03,19.2216,10.8532
2019-09-04,19.2989,10.7361
2019-09-05,20.0271,11.2911
2019-09-06,20.8547,11.9784
2019-09-09,21.1857,12.2382
2019-09-10,21.0092,11.766
2019-09-11,21.3292,12.0087
2019-09-12,21.274,12.4173
2019-09-16,21.2961,12.5323
2019-09-17,20.9981,12.3879
2019-09-18,20.5788,12.2215
2019-09-19,20.5788,11.9877
2019-09-20,20.5016,12.0244
2019-09-23,20.2368,12.168
2019-09-24,20.0823,11.8449
2019-09-25,19.9058,11.5927
2019-09-26,20.0271,11.5591
2019-09-27,19.8506,11.4977
2019-09-30,19.9168,11.5343
2019-10-08,19.3982,11.3989
2019-10-09,19.0782,11.2267
2019-10-10,19.2216,11.2446
2019-10-11,19.3761,11.7221
2019-10-14,19.972,11.9852
2019-10-15,19.9499,12.1322
2019-10-16,19.9058,11.9669
2019-10-17,19.7733,11.9578
2019-10-18,19.7071,11.9999
2019-10-21,19.2106,11.6207
2019-10-22,19.1775,11.826
2019-10-23,19.1885,11.9919
2019-10-24,19.1554,11.7463
2019-10-25,19.1334,11.5246
2019-10-28,19.3099,11.6199
2019-10-29,19.5527,11.7071
2019-10-30,19.0341,11.6834
2019-10-31,18.7251,11.7169
2019-11-01,18.7361,11.1529
2019-11-04,19.0672,11.5369
2019-11-05,19.0782,11.8219
2019-11-06,19.2878,12.0245
2019-11-07,19.012,11.8172
2019-11-08,19.4092,11.9398
2019-11-11,18.8906,11.6291
2019-11-12,18.7472,11.5634
2019-11-13,18.7803,11.7582
2019-11-14,18.6037,11.2384
2019-11-15,18.5706,11.4268
2019-11-18,18.4603,11.2323
2019-11-19,18.5485,11.2138
2019-11-20,18.6368,11.473
2019-11-21,18.2837,11.3781
2019-11-22,18.3168,11.4534
2019-11-25,18.2506,11.3111
2019-11-26,18.4492,11.3988
2019-11-27,18.4161,11.3195
2019-11-28,18.2837,11.3461
2019-11-29,18.3499,11.2755
2019-12-02,18.7913,11.5157
2019-12-03,18.5154,11.2988
2019-12-04,18.5927,11.571
2019-12-05,18.7141,11.4043
2019-12-06,19.0782,11.4197
2019-12-09,19.4534,11.8944
2019-12-10,19.3982,11.8016
2019-12-11,19.5085,11.6139
2019-12-12,19.3209,11.8821
2019-12-13,19.5306,12.002
2019-12-16,19.8396,12.2582
2019-12-17,19.9609,12.4097
2019-12-18,20.2589,12.7944
2019-12-19,20.1485,12.7442
2019-12-20,20.1154,12.7846
2019-12-23,20.0713,12.7835
2019-12-24,19.5527,12.5021
2019-12-27,19.7844,12.5475
2019-12-30,19.6078,12.5881
2019-12-31,20.4685,12.9994
2020-01-02,20.7444,12.963
2020-01-03,20.5899,13.264
2020-01-06,20.5899,13.1528
2020-01-07,21.0644,13.1968
2020-01-08,20.7444,13.2274
2020-01-09,20.8437,13.1556
2020-01-10,21.0533,13.674
2020-01-13,20.7995,13.6741
2020-01-14,21.0754,13.5794
2020-01-15,20.8106,13.3834
2020-01-16,20.7444,13.5407
2020-01-17,20.6671,13.6056
2020-01-20,20.5568,13.2732
2020-01-21,20.8326,13.4425
2020-01-22,20.3582,12.8984
2020-01-23,20.0382,12.8751
2020-02-03,17.4451,11.7391
2020-02-04,17.412,11.6376
2020-02-05,17.8203,12.3452
2020-02-06,18.1182,12.5308
2020-02-07,18.3941,13.0213
2020-02-10,18.3168,12.5823
2020-02-11,18.6148,13.0817
2020-02-12,18.4823,12.972
2020-02-13,18.6589,13.1851
2020-02-14,18.383,13.0692
2020-02-17,19.5196,13.2274
2020-02-18,19.4644,13.5364
2020-02-19,19.4203,13.4754
2020-02-20,19.4754,13.1876
2020-02-21,20.303,13.6795
2020-02-24,20.3802,13.952
2020-02-25,19.8837,13.2693
2020-02-26,19.9389,12.8895
2020-02-27,20.2037,12.999
2020-02-28,19.652,12.6254
2020-03-02,19.001,12.6191
2020-03-03,20.3913,12.6821
2020-03-04,19.972,12.4761
2020-03-05,20.7554,13.1273
2020-03-06,20.6451,13.4534
2020-03-09,20.0271,12.4337
2020-03-10,19.6409,12.0915
2020-03-11,20.2368,12.0973
2020-03-12,19.4313,11.5533
2020-03-13,18.5154,11.4358
2020-03-16,19.2106,10.8911
2020-03-17,18.5375,11.0989
2020-03-18,18.2396,11.2409
2020-03-19,17.7762,10.753
2020-03-20,17.9306,10.3785
2020-03-23,17.4672,9.7687
2020-03-24,17.8203,9.9167
2020-03-25,18.361,10.6312
2020-03-26,18.2617,10.6991
2020-03-27,18.2175,11.3866
2020-03-30,17.8755,10.8157
2020-03-31,18.1513,11.7798
2020-04-01,17.9527,10.7888
2020-04-02,17.9196,11.3255
2020-04-03,18.1513,11.189
2020-04-07,18.372,11.3541
2020-04-08,18.3389,11.2619
2020-04-09,18.4823,11.5204
2020-04-14,18.0299,11.2499
2020-04-15,18.2837,11.3459
2020-04-16,18.1624,11.0131
2020-04-17,18.7361,10.8989
2020-04-20,18.5265,11.0816
2020-04-21,18.5044,10.6174
2020-04-22,18.3499,10.294
2020-04-23,18.5596,10.5408
2020-04-24,18.4492,10.4702
2020-04-27,18.2506,10.3797
2020-04-28,18.3499,10.4951
2020-04-29,18.2727,10.6863
2020-05-06,18.2065,9.6457
2020-05-07,18.3168,10.0265
2020-05-08,18.2396,10.0073
2020-05-11,18.4161,10.2349
2020-05-12,18.2506,10.3917
2020-05-13,17.8865,10.0969
2020-05-14,17.9196,9.9527
2020-05-15,17.8755,9.8152
2020-05-18,17.7651,9.6359
2020-05-19,17.8755,9.7936
2020-05-20,17.7872,9.8004
2020-05-21,17.8203,9.9425
2020-05-22,17.5665,9.6584
2020-05-25,17.3679,9.3938
2020-05-26,17.412,9.3124
2020-05-27,17.4451,9.6431
2020-05-28,17.401,9.6394
2020-05-29,17.3348,9.5767
2020-06-01,17.5996,9.8679
2020-06-02,17.721,10.3317
2020-06-03,17.7872,10.2797
2020-06-04,17.6658,10.329
2020-06-05,17.5665,10.303
2020-06-08,17.9527,11.1758
2020-06-09,17.8644,10.5539
2020-06-10,17.9968,10.7639
2020-06-11,17.9527,10.7679
2020-06-12,17.7099,10.4992
2020-06-15,17.9417,10.4284
2020-06-16,17.9637,10.5795
2020-06-17,17.9858,10.8666
2020-06-18,17.9968,10.6402
2020-06-19,18.1182,10.8339
2020-06-22,18.4823,10.9805
2020-06-23,18.692,11.0847
2020-06-24,18.9347,10.9902
2020-06-29,18.8685,10.7558
2020-06-30,18.8023,10.414
2020-07-02,19.3099,10.4398
2020-07-03,20.623,11.8669
2020-07-06,22.1788,12.6494
2020-07-07,23.8119,14.5915
2020-07-08,22.9512,13.559
2020-07-09,23.7677,14.8813
2020-07-10,23.0947,14.4363
2020-07-13,22.6754,13.8847
2020-07-14,22.9402,14.3265
2020-07-15,23.2381,14.4421
2020-07-16,22.3885,14.1094
2020-07-17,21.5499,13.4028
2020-07-20,21.274,13.8144
2020-07-21,21.5719,14.0022
2020-07-22,21.4726,14.1327
2020-07-23,21.1857,13.8561
2020-07-24,20.965,13.8403
2020-07-27,20.4133,12.9689
2020-07-28,20.5237,12.7279
2020-07-29,20.1595,12.7619
2020-07-30,20.7554,12.8687
2020-07-31,20.2699,12.7994
2020-08-03,20.7333,12.9222
2020-08-04,20.954,12.7515
2020-08-05,20.943,12.8015
2020-08-06,20.7775,12.881
2020-08-07,20.8878,13.0519
2020-08-10,20.3582,12.5462
2020-08-11,20.965,12.5184
2020-08-12,20.5007,12.3603
2020-08-13,20.5683,12.4858
2020-08-14,20.8162,12.6591
2020-08-17,21.8531,12.7288
2020-08-18,22.4617,13.2905
2020-08-19,22.1461,12.7333
2020-08-20,21.7967,12.8117
2020-08-21,21.9095,12.8
2020-08-24,22.1461,12.9528
2020-08-25,21.932,12.8142
2020-08-26,21.9207,12.7556
2020-08-27,21.8756,12.5484
2020-08-28,21.7291,12.1962
2020-08-31,22.3152,12.2422
2020-09-01,21.7967,11.7011
2020-09-02,21.932,11.7769
2020-09-03,21.7517,11.5353
2020-09-04,21.2445,11.407
2020-09-07,21.1318,11.2375
2020-09-08,20.9515,11.0408
2020-09-09,21.1543,10.9345
2020-09-10,21.1882,11.016
2020-09-11,20.7261,10.8325
2020-09-14,20.7712,10.8666
2020-09-15,20.681,10.8643
2020-09-16,20.7373,10.8202
2020-09-17,20.6697,10.7389
2020-09-18,20.5457,10.5919
2020-09-21,21.5375,10.9553
2020-09-22,20.85,10.8085
2020-09-23,20.9177,10.6537
2020-09-24,20.557,10.5451
2020-09-25,20.557,10.3864
2020-09-28,20.7148,10.3293
2020-09-29,20.8951,10.7984
2020-09-30,20.805,10.3643
2020-10-09,20.7937,9.9158
2020-10-12,20.9627,9.9316
2020-10-14,21.1543,10.3639
2020-10-15,20.9627,9.9873
2020-10-16,21.0191,9.867
2020-10-19,21.1543,9.8955
2020-10-20,20.7937,9.9215
2020-10-21,20.7599,9.7297
2020-10-22,20.681,9.8096
2020-10-23,20.6923,9.7748
2020-10-27,20.3654,9.8924
2020-10-28,20.3542,9.7331
2020-10-29,20.4443,9.5896
2020-10-30,21.0867,9.5455
2020-11-02,20.8951,9.5567
2020-11-03,20.3542,9.6966
2020-11-04,20.7373,9.9319
2020-11-05,20.85,9.9283
2020-11-06,20.9627,10.0095
2020-11-09,21.1769,10.1524
2020-11-10,21.5375,10.5088
2020-11-11,21.3685,10.7027
2020-11-12,21.0754,10.8602
2020-11-13,20.6134,10.5504
2020-11-16,20.4669,10.1408
2020-11-17,20.5007,10.2454
2020-11-18,20.4669,10.0904
2020-11-19,20.4556,10.1481
2020-11-20,20.5796,10.1749
2020-11-23,20.6359,10.1285
2020-11-24,21.1994,10.459
2020-11-25,21.3347,10.3013
2020-11-26,20.8839,10.3437
2020-11-27,21.0078,10.3959
2020-11-30,21.5263,10.4556
2020-12-01,21.1543,10.6073
2020-12-02,21.6502,10.7233
2020-12-03,21.6052,10.6281
2020-12-04,21.4699,10.5595
2020-12-07,21.2896,10.5555
2020-12-08,20.8726,10.2906
2020-12-09,20.8388,10.233
2020-12-10,20.3091,10.2391
2020-12-11,20.3542,10.0264
2020-12-14,20.0611,9.8718
2020-12-15,19.9935,9.7713
2020-12-16,19.9935,9.8522
2020-12-17,19.8921,9.7786
2020-12-18,20.1738,9.8454
2020-12-21,20.0949,9.8554
2020-12-22,20.1851,9.8548
2020-12-23,19.4751,9.6963
2020-12-24,19.4976,9.704
2020-12-28,19.4074,9.7031
2020-12-29,19.2159,9.9379
2020-12-30,19.2271,9.9561
2020-12-31,19.3962,10.1848
2021-01-04,19.8357,10.4119
2021-01-05,19.7568,10.2174
2021-01-06,19.9935,10.2114
2021-01-07,19.971,10.2846
2021-01-08,20.0386,10.3367
2021-01-11,20.0048,10.5082
2021-01-12,19.4751,10.4809
2021-01-13,20.264,11.1943
2021-01-14,19.9484,10.9089
2021-01-15,19.5878,10.5986
2021-01-18,19.5427,10.8891
2021-01-19,19.7005,11.1708
2021-01-20,19.7906,11.4209
2021-01-21,19.8695,11.4695
2021-01-22,19.8921,11.3824
2021-01-25,19.4976,10.9779
2021-01-26,19.3398,11.2769
2021-01-27,18.9904,11.1347
2021-01-28,18.8552,10.7263
2021-01-29,18.8214,10.5199
2021-02-01,18.5847,10.3052
2021-02-02,18.6185,10.36
2021-02-03,18.5509,10.7162
2021-02-04,18.5058,10.5052
2021-02-05,18.303,10.2099
2021-02-08,18.2353,10.0955
2021-02-09,18.3142,9.9279
2021-02-10,18.4946,9.9063
2021-02-18,18.596,10.274
2021-02-19,18.5509,10.142
2021-02-22,19.0693,10.496
2021-02-23,18.9003,10.3238
2021-02-24,18.8439,10.2673
2021-02-25,18.9566,10.0505
2021-02-26,18.7989,10.08
2021-03-01,18.8665,9.9013
2021-03-02,18.6861,9.8454
2021-03-03,18.4382,9.8348
2021-03-04,18.596,10.0476
2021-03-05,18.3368,9.7721
2021-03-08,18.6523,10.0079
2021-03-09,18.4157,9.9218
2021-03-10,18.2466,9.8745
2021-03-11,18.0888,9.7094
2021-03-12,18.2241,9.8767
2021-03-15,18.1903,10.0415
2021-03-16,18.2015,10.0252
2021-03-17,18.2804,9.9416
2021-03-18,18.2917,10.0175
2021-03-19,18.2015,10.0889
2021-03-22,18.2015,9.9183
2021-03-23,18.348,10.061
2021-03-24,18.4044,10.0869
2021-03-25,18.3706,10.0218
2021-03-26,18.5396,10.0347
2021-03-29,18.5396,10.1705
2021-03-30,18.5171,10.6243
2021-03-31,18.4269,10.4126
2021-04-01,18.348,10.3941
2021-04-07,18.5171,10.4318
2021-04-08,18.5058,10.2126
2021-04-09,18.4833,10.3054
2021-04-12,18.3593,10.2594
2021-04-13,18.2015,10.0974
2021-04-14,18.1001,10.0278
2021-04-15,18.1339,10.0276
2021-04-16,17.9648,9.9515
2021-04-19,18.0099,10.0282
2021-04-20,18.3255,10.2344
2021-04-21,18.1677,10.2321
2021-04-22,18.1677,10.135
2021-04-23,18.0437,10.0701
2021-04-26,18.0099,10.0311
2021-04-27,17.7169,9.9404
2021-04-28,17.6042,9.7993
2021-04-29,17.9423,9.9977
2021-04-30,18.9566,10.1539
2021-05-06,18.8101,9.9795
2021-05-07,18.72,10.0744
2021-05-10,18.7087,10.1116
2021-05-11,18.4495,9.9939
2021-05-12,18.6411,10.0467
2021-05-13,18.6298,10.0123
2021-05-14,18.7312,9.9979
2021-05-17,19.3962,10.3806
2021-05-18,19.0693,10.1185
2021-05-20,18.9904,10.1366
2021-05-21,19.1031,10.0964
2021-05-24,19.0355,10.2024
2021-05-25,19.3286,10.327
2021-05-26,19.8019,10.5346
2021-05-27,19.5427,10.5046
2021-05-28,19.554,10.4791
2021-05-31,19.8583,10.5206
2021-06-01,20.016,10.4501
2021-06-02,19.6892,10.3413
2021-06-03,19.6329,10.2578
2021-06-04,19.4525,10.3371
2021-06-07,19.5652,10.3399
2021-06-08,19.6892,10.2557
2021-06-09,19.7005,10.3531
2021-06-10,19.4976,10.2821
2021-06-11,19.4976,10.2102
2021-06-15,18.9341,10.1872
2021-06-16,18.8665,10.0249
2021-06-17,18.9566,9.9679
2021-06-18,18.8777,9.9584
2021-06-21,19.0017,9.9163
2021-06-22,19.0693,9.9431
2021-06-23,18.9341,10.0148
2021-06-24,19.1031,10.0288
2021-06-25,19.1708,10.0937
2021-06-28,19.4976,10.2326
2021-06-29,19.3849,10.1936
2021-06-30,19.3286,10.1966
2021-07-02,19.0468,10.0666
2021-07-05,18.7538,9.9705
2021-07-06,18.7763,9.8653
2021-07-07,18.8552,9.8887
2021-07-08,18.9454,9.8971
2021-07-09,18.6073,9.7592
2021-07-12,18.9454,10.1601
2021-07-13,18.9792,9.9049
2021-07-14,18.9454,9.9317
2021-07-15,18.7087,9.9052
2021-07-16,19.1031,9.992
2021-07-19,19.1708,10.0685
2021-07-20,19.1595,9.9722
2021-07-21,19.2497,9.948
2021-07-22,19.3398,9.9576
2021-07-23,19.4638,10.0573
2021-07-26,19.5314,10.0168
2021-07-27,18.9792,9.8089
2021-07-28,18.6073,9.4715
2021-07-29,18.6411,9.6267
2021-07-30,18.3818,9.6021
2021-08-02,18.3255,9.5222
2021-08-03,18.596,9.7941
2021-08-04,18.6861,9.8172
2021-08-05,18.5847,9.8617
2021-08-06,18.4946,9.7747
2021-08-09,18.4269,9.8214
2021-08-10,18.72,9.9173
2021-08-11,18.9116,10.0717
2021-08-12,19.0243,10.102
2021-08-13,18.9792,10.0656
2021-08-16,19.0919,10.1292
2021-08-17,19.1595,10.1533
2021-08-18,19.0017,10.1068
2021-08-19,19.8921,10.5499
2021-08-20,19.7914,10.4162
2021-08-23,19.9544,10.1796
2021-08-24,20.0242,10.2478
2021-08-25,21.4329,10.7445
2021-08-26,20.6995,10.6354
2021-08-27,20.3386,10.6512
2021-08-30,20.6878,10.6586
2021-08-31,20.3269,10.5268
2021-09-01,20.5947,10.6172
2021-09-02,21.0138,10.7724
2021-09-03,22.2246,11.1523
2021-09-06,21.0254,10.9093
2021-09-07,21.4213,10.9663
2021-09-08,21.8404,11.1635
2021-09-09,21.4329,11.0719
2021-09-10,21.5377,11.0232
2021-09-13,22.015,11.1271
2021-09-14,22.1198,11.2999
2021-09-15,21.4329,10.9315
2021-09-16,21.4795,10.7657
2021-09-17,21.1302,11.1059
2021-09-23,21.3747,10.926
2021-09-24,21.8171,11.0757
2021-09-27,21.4562,10.7445
2021-09-28,21.2816,10.8097
2021-09-29,21.3398,11.0314
2021-09-30,21.1186,10.7901
2021-10-08,20.9556,10.8254
2021-10-11,21.7239,10.8834
2021-10-12,21.6192,10.7468
2021-10-15,20.6063,10.6426
2021-10-18,20.7227,10.5132
2021-10-19,20.4783,10.4966
2021-10-20,21.072,10.5754
2021-10-21,20.9905,10.5492
2021-10-22,21.0487,10.6673
2021-10-25,21.0604,10.5172
2021-10-26,21.2583,10.6627
2021-10-27,20.909,10.5584
2021-10-28,20.5947,10.4393
2021-10-29,20.3269,10.3545
2021-11-01,20.292,10.3027
2021-11-02,20.3735,10.3043
2021-11-03,19.9777,10.1855
2021-11-04,19.9893,10.0658
2021-11-05,19.7448,10.1484
2021-11-08,19.6866,10.0685
2021-11-09,19.8845,10.1488
2021-11-10,19.8729,10.115
2021-11-11,19.7332,10.1245
2021-11-12,20.1988,10.3627
2021-11-15,20.2338,10.3536
2021-11-16,20.1988,10.2659
2021-11-17,19.966,10.1923
2021-11-18,19.9194,10.1317
2021-11-19,19.7332,10.0961
2021-11-22,20.0475,10.231
2021-11-23,20.1174,10.1691
2021-11-24,20.1406,10.2383
2021-11-25,19.9194,10.2246
2021-11-26,19.6167,10.1611
2021-11-29,19.4305,10.036
2021-11-30,19.477,9.9068
2021-12-01,19.5585,9.8933
2021-12-02,19.5585,9.9609
2021-12-03,19.7681,10.2517
2021-12-06,19.9427,10.2965
2021-12-07,20.2571,10.5469
2021-12-08,20.2221,10.671
2021-12-09,20.2221,10.5663
2021-12-10,20.3618,10.6385
2021-12-13,20.618,10.6501
2021-12-14,20.2571,10.5883
2021-12-15,20.1756,10.5975
2021-12-16,20.2687,10.2775
2021-12-17,20.3269,10.4888
2021-12-20,20.1872,10.5741
2021-12-21,19.966,10.2387
2021-12-22,20.455,10.3487
2021-12-23,20.4666,10.3415
2021-12-24,20.3269,10.7688
2021-12-28,20.5714,10.996
2021-12-29,20.5248,11.0633
2021-12-30,20.5365,10.8999
2021-12-31,20.7693,11.2386
2022-01-04,20.7693,11.2645
2022-01-05,20.746,11.2299
2022-01-06,20.5365,11.0258
2022-01-07,20.3269,10.9643
2022-01-10,20.42,10.8577
2022-01-11,20.7227,11.0191
2022-01-12,20.7693,11.1489
2022-01-13,21.0021,11.2857
2022-01-14,20.5947,11.276
2022-01-17,20.0475,10.9028
2022-01-18,20.1406,11.0748
2022-01-19,20.3036,11.0328
2022-01-20,20.7809,11.2577
2022-01-21,21.4213,11.8521
2022-01-24,21.2816,11.6481
2022-01-25,21.2816,11.5955
2022-01-26,20.9556,11.5072
2022-01-27,21.4096,11.5258
2022-01-28,21.1651,11.4383
2022-02-07,20.8159,11.4104
2022-02-08,20.8508,11.4799
2022-02-09,21.3863,11.5498
2022-02-10,21.2932,11.6196
2022-02-11,21.2932,11.6435
2022-02-14,21.1884,11.6942
2022-02-15,20.583,11.301
2022-02-16,20.6412,11.4653
2022-02-17,20.4783,11.4235
2022-02-18,20.1406,11.4475
2022-02-21,20.4783,11.4943
2022-02-22,20.2687,11.3941
2022-02-23,20.0242,11.116
2022-02-24,19.966,11.2206
2022-02-25,19.5585,10.9434
2022-02-28,19.4421,10.9359
2022-03-01,19.4887,10.7656
2022-03-02,19.3723,10.9145
2022-03-03,19.5353,10.8585
2022-03-04,19.4305,10.9969
2022-03-07,19.3024,10.9179
2022-03-08,19.0347,10.3726
2022-03-09,18.5573,10.3335
2022-03-10,18.3827,10.4151
2022-03-11,17.754,10.1595
2022-03-14,17.9519,9.9948
2022-03-15,17.8821,9.6182
2022-03-16,17.4863,9.5142
2022-03-17,18.2779,10.1278
2022-03-18,17.9752,10.1111
2022-03-21,18.1499,10.2368
2022-03-22,17.9287,10.023
2022-03-23,18.1149,10.1953
2022-03-24,18.0218,9.9292
2022-03-25,17.9636,10.0201
2022-03-28,17.754,9.8222
2022-03-29,17.9287,9.6941
2022-03-30,17.8937,9.7425
2022-03-31,18.2197,9.9745
2022-04-01,18.2081,9.9535
2022-04-06,18.4176,10.3365
2022-04-07,18.5108,10.1973
2022-04-08,18.2197,10.0636
2022-04-11,18.3827,10.3256
2022-04-12,17.9869,9.9913
2022-04-13,18.3361,9.985
2022-04-14,18.3594,9.9679
2022-04-19,18.0916,9.9158
2022-04-20,18.0102,9.8835
2022-04-21,17.754,9.7258
2022-04-22,17.6609,9.7041
2022-04-25,17.3698,9.749
2022-04-26,17.1603,9.7037
2022-04-27,16.4734,9.375
2022-04-28,16.648,9.5548
2022-04-29,16.9275,9.6936
2022-05-05,16.7528,9.4714
2022-05-06,16.4268,9.3775
2022-05-10,16.194,9.2909
2022-05-11,16.4385,9.4425
2022-05-12,16.4501,9.4526
2022-05-13,16.5316,9.5882
2022-05-16,16.7063,9.645
2022-05-17,16.4967,9.5719
2022-05-18,16.5898,9.6717
2022-05-19,16.4036,9.5872
2022-05-20,16.5549,9.8148
2022-05-23,16.7528,9.8265
2022-05-24,16.7528,9.7372
2022-05-25,16.4268,9.5966
2022-05-26,16.5665,9.7167
2022-05-27,16.7645,10.0173
2022-05-30,16.7761,10.0472
2022-05-31,16.7877,9.8829
2022-06-01,16.8925,10.0311
2022-06-02,16.7877,10.1366
2022-06-06,16.7877,10.0966
2022-06-07,17.0555,10.2107
2022-06-08,17.0904,10.227
2022-06-09,17.2301,10.4305
2022-06-10,17.0788,10.1391
2022-06-13,17.2534,10.2264
2022-06-14,17.0672,10.2312
2022-06-15,17.8705,10.6723
2022-06-16,18.243,10.8236
2022-06-17,17.5561,10.341
2022-06-20,17.6143,10.328
2022-06-21,17.5096,10.3513
2022-06-22,17.5445,10.4236
2022-06-23,17.2884,10.3005
2022-06-24,17.7424,10.4611
2022-06-27,17.8239,10.5135
2022-06-28,17.626,10.4551
2022-06-29,17.7773,10.6126
2022-06-30,17.6027,10.6221
2022-07-04,17.5794,10.605
2022-07-05,17.6376,10.5922
2022-07-06,17.5328,10.4486
2022-07-07,17.5328,10.3457
2022-07-08,17.6376,10.4783
2022-07-11,17.6609,10.391
2022-07-12,17.626,10.4406
2022-07-13,17.7191,10.5048
2022-07-14,17.6376,10.2206
2022-07-15,17.5605,10.0821
2022-07-18,17.0849,10.03
2022-07-19,17.4264,10.1612
2022-07-20,17.5118,10.2395
2022-07-21,17.524,10.1216
2022-07-22,17.4752,10.2279
2022-07-25,17.5727,10.1431
2022-07-26,17.6459,10.1451
2022-07-27,17.6459,10.248
2022-07-28,17.6337,10.2103
2022-07-29,17.6947,10.2679
2022-08-01,17.6093,10.3271
2022-08-02,17.3898,10.1084
2022-08-03,17.1459,9.9643
2022-08-04,17.1703,9.9499
2022-08-05,17.2191,10.024
2022-08-08,17.3532,10.2417
2022-08-09,17.3898,10.2141
2022-08-10,17.4264,10.2512
2022-08-11,17.4508,10.0801
2022-08-12,17.7435,10.3868
2022-08-15,17.7557,10.4888
2022-08-16,17.8166,10.4164
2022-08-17,17.78,10.39
2022-08-18,17.841,10.3426
2022-08-19,17.78,10.3375
2022-08-22,17.6947,10.322
2022-08-23,17.8288,10.36
2022-08-24,17.8532,10.4278
2022-08-25,17.6825,10.3192
2022-08-26,18.0239,10.4434
2022-08-29,17.8654,10.3412
2022-08-30,17.9874,10.2789
2022-08-31,17.9142,10.337
2022-09-01,18.0117,10.3584
2022-09-02,17.902,10.351
2022-09-05,17.8166,10.2724
2022-09-06,18.1215,10.3209
2022-09-07,18.1703,10.2628
2022-09-08,18.1703,10.3395
2022-09-09,18.1337,10.2765
2022-09-13,18.4386,10.363
2022-09-14,18.0483,10.3351
2022-09-15,18.1093,10.3453
2022-09-16,18.0971,10.2963
2022-09-19,17.2191,10.0524
2022-09-20,17.2557,9.895
2022-09-21,17.2923,9.8365
2022-09-22,17.2923,9.7832
2022-09-23,17.341,9.835
2022-09-26,17.2801,9.989
2022-09-27,17.1703,9.7529
2022-09-28,17.0362,10.1731
2022-09-29,16.9874,9.771
2022-09-30,16.5606,9.5161
2022-10-10,16.7069,9.6756
2022-10-11,16.5728,9.5493
2022-10-12,16.585,9.576
2022-10-13,16.8167,9.6112
2022-10-14,16.9264,9.8035
2022-10-17,16.8898,9.8502
2022-10-18,16.9874,9.918
2022-10-19,16.963,9.9321
2022-10-20,16.7435,9.4384
2022-10-21,17.1703,9.76
2022-10-24,16.841,9.7315
2022-10-25,16.463,9.3748
2022-10-26,16.4996,9.1399
2022-10-27,16.4996,9.3968
2022-10-28,16.524,9.3794
2022-10-31,16.3533,9.3189
2022-11-01,16.1581,9.278
2022-11-02,16.3045,9.3626
2022-11-03,16.2801,9.3983
2022-11-04,16.1581,9.4206
2022-11-07,16.463,9.6549
2022-11-08,16.524,9.7754
2022-11-09,16.4386,9.5717
2022-11-10,16.3289,9.6722
2022-11-11,16.7191,9.857
2022-11-14,16.8776,9.9518
2022-11-15,16.7801,9.9667
2022-11-16,17.0727,10.2238
2022-11-17,16.9264,10.1323
2022-11-18,17.0118,10.0849
2022-11-21,16.7801,10.1281
2022-11-22,16.6947,9.9324
2022-11-23,16.7679,9.9516
2022-11-24,16.9752,10.0197
2022-11-25,16.8045,10.106
2022-11-28,16.6459,10.0484
2022-11-29,16.6703,10.1934
2022-11-30,17.0971,10.5733
2022-12-01,17.3044,10.6701
2022-12-02,17.1947,10.5176
2022-12-05,17.341,10.4103
2022-12-06,17.5483,10.5482
2022-12-07,17.4508,10.5783
2022-12-08,17.3166,10.2724
2022-12-09,17.3288,10.4002
2022-12-12,17.3532,10.4294
2022-12-13,17.3532,10.3821
2022-12-14,17.3166,10.392
2022-12-15,17.2679,10.1948
2022-12-16,17.0849,10.1795
2022-12-19,17.1825,10.1276
2022-12-20,16.7191,10.05
2022-12-21,16.6459,9.839
2022-12-22,16.6947,9.8936
2022-12-23,16.4142,9.8184
2022-12-28,16.585,10.0207
2022-12-29,16.5118,9.9008
2022-12-30,16.5606,9.9753
2023-01-03,16.402,9.859
2023-01-04,16.402,9.8345
2023-01-05,16.4996,10.1143
2023-01-06,16.6093,10.328
2023-01-09,16.6947,10.2396
2023-01-10,16.7679,10.1296
2023-01-11,16.7313,10.2149
2023-01-12,16.6581,10.1141
2023-01-13,16.7069,10.1248
2023-01-16,16.9752,10.263
2023-01-17,17.341,10.5917
2023-01-18,17.3898,10.7138
2023-01-19,17.3288,10.6985
2023-01-20,17.5727,10.7165
2023-01-30,17.9142,10.979
2023-01-31,17.5727,10.6931
2023-02-01,17.4508,10.5069
2023-02-02,17.9752,10.8194
2023-02-03,17.4874,10.6374
2023-02-06,17.3166,10.5569
2023-02-07,17.2923,10.4068
2023-02-08,17.3654,10.5696
2023-02-09,17.1947,10.4612
2023-02-10,17.3288,10.5661
2023-02-13,17.3288,10.5197
2023-02-14,17.463,10.5063
2023-02-15,17.4264,10.519
2023-02-16,17.341,10.4029
2023-02-17,17.1947,10.4994
2023-02-20,17.3044,10.4735
2023-02-21,17.5971,10.7412
2023-02-22,17.5727,10.6339
2023-02-23,17.5727,10.6185
2023-02-24,17.6093,10.546
2023-02-27,17.341,10.483
2023-02-28,17.3654,10.4331
2023-03-01,17.4264,10.4333
2023-03-02,17.6459,10.4332
2023-03-03,17.6825,10.6021
2023-03-06,17.8044,10.6208
2023-03-07,17.5971,10.6082
2023-03-08,17.3532,10.5635
2023-03-09,17.4142,10.6639
2023-03-10,17.2679,10.5385
2023-03-13,17.0606,10.285
2023-03-14,17.2069,10.3464
2023-03-15,17.2557,10.115
2023-03-16,17.1581,10.3076
2023-03-17,17.2923,10.2692
2023-03-20,17.3776,10.5274
2023-03-21,17.4386,10.3513
2023-03-22,17.4142,10.3104
2023-03-23,17.3532,10.3981
2023-03-24,17.6947,10.4774
2023-03-27,17.5727,10.4851
2023-03-28,17.6093,10.4234
2023-03-29,17.5971,10.5823
2023-03-30,17.524,10.4779
2023-03-31,17.5727,10.4742
2023-04-03,17.5118,10.6317
2023-04-04,17.841,10.6728
2023-04-06,18.28,10.8002
2023-04-11,18.2191,10.7773
2023-04-12,18.2435,10.8836
2023-04-13,18.1581,10.8114
2023-04-14,18.3044,10.8556
2023-04-17,18.341,10.9114
2023-04-18,18.6581,11.2771
2023-04-19,18.5727,11.2656
2023-04-20,18.4508,11.2844
2023-04-21,18.4995,11.2255
2023-04-24,17.9508,11.1508
2023-04-25,17.902,11.0503
2023-04-26,18.0117,11.0116
2023-04-27,17.8654,11.0513
2023-04-28,18.1215,11.235
2023-05-04,18.4386,11.1613
2023-05-05,18.6947,11.5508
2023-05-08,18.9629,11.6701
2023-05-09,19.3654,11.7971
2023-05-10,19.1215,12.0893
2023-05-11,18.902,11.7374
2023-05-12,18.719,11.6708
2023-05-15,18.5971,11.5132
2023-05-16,18.78,11.5663
2023-05-17,18.5971,11.6722
2023-05-18,18.7312,11.4519
2023-05-19,18.6825,11.5041
2023-05-22,18.3044,11.5396
2023-05-23,18.28,11.5571
2023-05-24,17.9996,11.3685
2023-05-25,17.6947,11.2013
2023-05-29,17.9264,11.2353
2023-05-30,17.8776,11.2025
2023-05-31,17.9996,11.0761
2023-06-01,17.9752,11.0725
2023-06-02,18.0727,11.1479
2023-06-05,18.1093,11.097
2023-06-06,18.0361,11.1254
2023-06-07,17.8654,11.2053
2023-06-08,17.9874,11.084
2023-06-09,18.1581,11.3805
2023-06-12,18.1093,11.2094
2023-06-13,18.1459,11.3685
2023-06-14,18.2191,11.3833
2023-06-15,18.0971,11.3263
2023-06-16,18.1581,11.4076
2023-06-19,18.2191,11.3145
2023-06-20,18.0361,11.4991
2023-06-21,17.9508,11.4425
2023-06-26,17.6947,11.0038
2023-06-27,17.3654,11.1197
2023-06-28,17.463,11.195
2023-06-29,17.5272,11.2354
2023-06-30,17.4513,11.2248
2023-07-03,17.7552,11.4072
2023-07-04,17.9832,11.4702
2023-07-05,18.0845,11.4746
2023-07-06,17.9452,11.4622
2023-07-07,17.9198,11.2992
2023-07-10,18.2998,11.3567
2023-07-11,18.3124,11.3376
2023-07-12,18.3251,11.3577
2023-07-13,18.2871,11.3369
2023-07-14,18.4391,11.385
2023-07-18,18.2998,11.5265
2023-07-19,18.3378,11.6073
2023-07-20,18.5404,11.6847
2023-07-21,18.3251,11.4786
2023-07-24,18.2364,11.4973
2023-07-25,18.7177,11.5827
2023-07-26,18.8696,11.8284
2023-07-27,19.0596,11.8055
2023-07-28,18.9836,11.7355
2023-07-31,19.9968,12.4512
2023-08-01,19.5915,12.0519
2023-08-02,19.5662,11.9376
2023-08-03,19.6928,11.8706
2023-08-04,20.25,12.1965
2023-08-07,19.8195,12.0133
2023-08-08,19.7688,11.8641
2023-08-09,19.9714,11.8947
2023-08-10,19.9968,11.8722
2023-08-11,20.1107,12.1335
2023-08-14,19.2496,11.7083
2023-08-15,19.3129,11.568
2023-08-16,19.3762,11.5613
2023-08-17,19.5535,11.54
2023-08-18,19.6422,11.4725
2023-08-21,19.2496,11.3881
2023-08-22,18.971,11.2063
2023-08-23,18.9203,11.2433
2023-08-24,18.9836,11.2504
2023-08-25,18.8823,11.3067
