,AID,annualYieldRate,annualExcessYieldRate,MonthlyYieldRate,MonthlyExcessYieldRate,annualYieldRate(non-compounding),annualExcessYieldRate(non-compounding),originalYieldRate,originalYieldExcessYieldRate,openingTimes,closingTimes,ATF,HTF,TF,SharpeRate(annual),SharpeRate(original)
0,601211.SH,0.05989239361618083,0.0549979450758833,0.017936571153846153,0.017344376923076922,0.21523885384615382,0.20813252307692306,0.07174628461538461,0.06937750769230769,4.384615384615385,3.3846153846153846,797.6930769230771,8271.065384615384,9068.75846153846,0.696558042919136,0.6669561383144637
1,601828.SH,-0.027844567014255306,-0.022586200902507764,-0.00950655,-0.0076808221875,-0.1140786,-0.09216986625000001,-0.0380262,-0.03072328875,1.25,0.375,248.81375,3685.1612499999997,3933.9750000000004,-0.9090101971174408,-0.917457053178011
2,600958.SH,0.027503390216317248,0.01489174752521606,0.008145431666666666,0.004718198703703704,0.09774517999999999,0.05661838444444445,0.032581726666666665,0.018872794814814815,2.185185185185185,1.3703703703703705,465.4285185185185,4270.514074074074,4735.942592592593,0.5882655091142108,0.5376709942936141
3,601811.SH,0.02483024652196943,0.006917726622042855,0.0072645306,0.0018945750000000027,0.0871743672,0.022734900000000034,0.0290581224,0.007578300000000011,1.96,1.08,422.4824,4289.352800000001,4711.8352,0.38655622358453745,0.35527497650893236
4,601881.SH,0.05491269090740671,0.003318336894412729,0.015780872391304348,0.0009617688043478282,0.18937046869565216,0.011541225652173939,0.06312348956521739,0.003847075217391313,1.7391304347826086,0.8695652173913043,386.18999999999994,3725.9230434782608,4112.113043478261,1.4803958277306917,1.2914482496950552
5,601868.SH,0.0700763321911071,0.04861954008392011,0.02283089,0.0159453975,0.27397068,0.19134477,0.09132356,0.06378159,2.0,1.0,708.35,3661.825,4370.174999999999,6.872298041649013,6.932920409529893
6,601818.SH,0.004217550202610969,0.0057830076304016,0.0010860075757575746,0.0018692260606060567,0.013032090909090896,0.02243071272727268,0.004344030303030298,0.007476904242424227,3.272727272727273,2.3333333333333335,592.4136363636364,5784.6563636363635,6377.07,0.1852029049804839,0.14456441432777115
7,600999.SH,0.053028262957387017,0.02282565414948021,0.015646640833333336,0.007317130833333332,0.18775969000000003,0.08780556999999999,0.06258656333333334,0.029268523333333327,1.5555555555555556,0.6666666666666666,373.74,3645.6200000000003,4019.3599999999997,1.0656414297484016,0.9607924447981303
8,600600.SH,0.04189145662978562,0.018896943329485404,0.01234595592105263,0.005740396710526316,0.14815147105263157,0.06888476052631579,0.04938382368421052,0.022961586842105263,3.8947368421052633,3.0,628.858947368421,6544.568421052631,7173.427368421052,0.5704557731777457,0.5287552437173335
9,600585.SH,0.022924418255581877,0.004951687082481489,0.006613556363636364,0.0016036757954545416,0.07936267636363636,0.0192441095454545,0.026454225454545455,0.006414703181818166,3.8181818181818183,2.909090909090909,493.57727272727266,6314.562272727272,6808.139545454547,1.1142692492094355,0.9722188855545005
10,600362.SH,0.03926359434248844,-0.008391158658374132,0.011951412159090907,-0.00284137829545454,0.14341694590909088,-0.03409653954545448,0.04780564863636363,-0.01136551318181816,2.0454545454545454,1.2727272727272727,434.78681818181826,4000.9568181818177,4435.743636363637,2.128009647557083,1.9371863539760845
11,600012.SH,0.10246271280068758,0.009332293768688443,0.031189096136363635,0.0028987524999999955,0.3742691536363636,0.034785029999999946,0.12475638454545454,0.011595009999999982,2.1818181818181817,1.2727272727272727,497.0245454545455,5113.761818181817,5610.7863636363645,2.2404381179117046,2.0928769061217642
12,600548.SH,-0.006872386696259939,-0.0011597292920847355,-0.0023760975,-0.0005637257142857157,-0.028513169999999997,-0.006764708571428588,-0.00950439,-0.002254902857142863,2.2857142857142856,1.4285714285714286,384.03642857142864,4701.137142857144,5085.173571428572,-0.1659144164919473,-0.17217465653118258
13,601788.SH,0.018708744074243996,0.0027632631257289986,0.003961942159090909,0.00042506215909090856,0.04754330590909091,0.005100745909090903,0.015847768636363637,0.0017002486363636342,1.7272727272727273,0.7272727272727273,358.6009090909091,3859.7781818181816,4218.37909090909,0.2767555982321508,0.1733960891722241
14,601688.SH,0.01586627658901281,-0.005159027469392721,0.004345372019230768,-0.0018652901923076894,0.05214446423076922,-0.022383482307692274,0.017381488076923073,-0.007461160769230758,2.0384615384615383,1.1538461538461537,433.30384615384617,4494.9784615384615,4928.282307692308,0.43261679103684636,0.35762876051285014
15,601398.SH,0.012695417386504926,-0.0022110524514119233,0.0039855428,-0.000781114699999997,0.0478265136,-0.009373376399999963,0.0159421712,-0.003124458799999988,1.52,0.6,317.9656,3208.512,3526.4775999999997,0.6232242853603378,0.5931079537185525
16,601939.SH,-0.0010068123330341122,-0.011597526776470366,-0.0005127094736842109,-0.003915859473684207,-0.00615251368421053,-0.046990313684210486,-0.0020508378947368434,-0.01566343789473683,1.7894736842105263,0.9473684210526315,398.3805263157895,3801.033157894737,4199.413684210527,-0.05603351372462025,-0.08446765357456908
17,600808.SH,-0.05903502462244287,-0.018655957930307488,-0.020901372954545454,-0.006342952045454541,-0.25081647545454544,-0.07611542454545449,-0.08360549181818182,-0.025371808181818164,1.7272727272727273,0.8181818181818182,328.83272727272725,3828.5236363636363,4157.356363636363,-2.0532603261168827,-2.1679277159141352
18,600029.SH,0.03678895716143214,0.003673537907792032,0.01123512507142857,0.0011318986428571394,0.13482150085714284,0.013582783714285673,0.04494050028571428,0.0045275945714285575,2.0285714285714285,1.0857142857142856,496.93771428571426,3279.278571428571,3776.2162857142853,1.2545803714869572,1.1607967560401389
19,600547.SH,-0.015823633782814178,0.01294929962239949,-0.005552019374999999,0.004000075416666664,-0.06662423249999999,0.04800090499999997,-0.022208077499999996,0.016000301666666657,1.6666666666666667,0.6666666666666666,494.555,3269.227500000001,3763.7825000000007,-0.2867741210172319,-0.3079372182496939
20,601288.SH,0.014367437280265476,0.007261282206985605,0.004579402976190476,0.0023296790476190466,0.05495283571428572,0.027956148571428557,0.018317611904761905,0.009318716190476186,2.3333333333333335,1.380952380952381,463.8471428571429,4273.326666666666,4737.17380952381,0.5003809174913627,0.48513048866637404
21,600026.SH,0.05778240678843072,0.02275990184176992,0.01597158338235294,0.0071805625,0.19165900058823526,0.08616675,0.06388633352941175,0.02872225,2.5588235294117645,1.7352941176470589,459.76558823529416,5206.551176470589,5666.316764705883,0.9618351062775236,0.8448534754684812
22,600028.SH,0.02780648346808137,-0.0011929614962945573,0.008813911120689655,-0.00045134767241379316,0.10576693344827587,-0.005416172068965518,0.03525564448275862,-0.0018053906896551726,2.4827586206896552,1.5172413793103448,438.36965517241384,4368.770689655174,4807.140344827585,1.2405358598646263,1.184939117215322
23,600196.SH,0.009520681634535358,0.0045718083513123986,0.0018636304000000002,0.0014235136000000023,0.022363564800000003,0.017082163200000028,0.007454521600000001,0.005694054400000009,2.0,1.12,536.5228,3303.548,3840.0708,0.3100891096304583,0.18452495552817422
24,600377.SH,-0.012864585157911324,-0.001728175920925279,-0.0044949045,-0.0006352151666666649,-0.053938853999999994,-0.0076225819999999785,-0.017979618,-0.0025408606666666596,2.1333333333333333,1.3,341.42366666666663,4467.887666666666,4809.311333333334,-0.5409445884355271,-0.5783889587918664
25,600115.SH,0.02796975585328417,-0.0030556116193277763,0.008087753906249998,-0.0011860449999999967,0.09705304687499998,-0.01423253999999996,0.03235101562499999,-0.004744179999999987,1.3125,0.375,330.365625,3615.3362500000003,3945.7018749999997,0.687054075292221,0.609774234436231
26,600690.SH,-0.027962813942492074,-0.017967729476609726,-0.0098615828125,-0.006078734687499999,-0.11833899375000001,-0.07294481624999999,-0.03944633125,-0.024314938749999997,2.625,1.875,461.7575,3312.82375,3774.58125,-1.2077971431513994,-1.2689476423639028
27,600036.SH,0.023540144424550113,0.00488498000270125,0.00731334580882353,0.0015896041911764721,0.08776014970588236,0.019075250294117666,0.02925338323529412,0.0063584167647058884,3.235294117647059,2.323529411764706,544.4420588235294,4555.90911764706,5100.351176470588,1.2786644937096017,1.199148898611594
28,601991.SH,0.04905583182136906,0.027644843362232573,0.01540702875,0.008854840781250005,0.184884345,0.10625808937500006,0.061628115,0.03541936312500002,2.0,1.0625,437.0,3142.085625,3579.085625,0.9199173747113588,0.8952698984887756
29,600030.SH,-0.004840486680493807,0.00601344961134914,-0.0018690880645161282,0.0017474911290322652,-0.02242905677419354,0.020969893548387183,-0.007476352258064513,0.006989964516129061,1.6774193548387097,0.8387096774193549,398.34935483870964,3086.603870967742,3484.953225806452,-0.09683008968188342,-0.11606381268145564
30,600688.SH,-0.009813209454456732,-0.004582061636165806,-0.003997526764705884,-0.0016913438235294145,-0.04797032117647061,-0.020296125882352974,-0.015990107058823536,-0.006765375294117658,1.1176470588235294,0.23529411764705882,339.0947058823529,2857.4076470588234,3196.5023529411765,-0.24858160109416869,-0.3057434465236119
31,601328.SH,0.0012235666517635007,-0.008156389621470589,8.625358108108089e-05,-0.0028004682432432385,0.0010350429729729708,-0.03360561891891886,0.00034501432432432357,-0.011201872972972954,2.7837837837837838,1.864864864864865,489.147027027027,4666.45891891892,5155.605945945944,0.046736592846361495,0.009898887159484653
32,600027.SH,0.07915979438357626,-0.0007537350532817534,0.021977733928571424,-0.00035989035714285226,0.2637328071428571,-0.004318684285714227,0.0879109357142857,-0.001439561428571409,2.0476190476190474,1.0476190476190477,397.0457142857143,4482.226190476191,4879.271904761905,2.4319704068405534,2.0653972613799363
33,601998.SH,0.007032092864175015,-0.003197254449415272,0.0019544557999999997,-0.0011037051999999942,0.0234534696,-0.013244462399999931,0.007817823199999999,-0.004414820799999977,1.44,0.64,344.13599999999997,3396.2168,3740.3527999999997,0.3773181500855844,0.31613989278621524
34,600685.SH,0.006344554340865679,0.003449555268858932,0.0004170489655172417,0.0009289369827586231,0.0050045875862069,0.011147243793103476,0.0016681958620689667,0.0037157479310344923,2.0,1.0689655172413792,457.32413793103444,3068.7537931034485,3526.0779310344824,0.13835476230802507,0.02769634178585586
35,601988.SH,0.00984803532010281,0.009047247790623787,0.003013921785714286,0.00290672528571429,0.03616706142857143,0.03488070342857148,0.012055687142857143,0.01162690114285716,2.6857142857142855,1.7142857142857142,481.02428571428567,4849.922285714285,5330.946571428571,0.3174135606608769,0.2973475179493276
36,601588.SH,-0.016425496101943157,-0.02194063614668791,-0.00575118659090909,-0.007438746818181819,-0.06901423909090908,-0.08926496181818183,-0.02300474636363636,-0.029754987272727275,1.3636363636363635,0.5454545454545454,373.7081818181818,4071.546363636364,4445.254545454545,-0.6319739024321039,-0.6527336445434264
37,600011.SH,0.023134760736315815,0.004817585089620931,0.006433053203125002,0.001492057031250002,0.07719663843750002,0.01790468437500002,0.02573221281250001,0.005968228125000008,2.1875,1.3125,450.4903125,4104.2875,4554.7778124999995,0.7139454037025971,0.6003617566795462
38,600660.SH,0.0022529997550003004,-0.011574953015072371,-5.4874571428571816e-05,-0.00400501357142857,-0.0006584948571428618,-0.048060162857142846,-0.00021949828571428726,-0.01602005428571428,2.914285714285714,2.0,587.5271428571427,4591.307142857142,5178.834285714285,0.0645230223421835,-0.00473060560935666
39,601866.SH,0.010011697017703292,-2.037762170522169e-06,0.002520512416666667,-0.0001396257500000015,0.030246149,-0.001675509000000018,0.010082049666666667,-0.000558503000000006,2.466666666666667,1.6,509.563,4561.067,5070.63,0.2763442748954183,0.2105417173604938
40,601899.SH,0.11926460444992193,-0.0038301586483959257,0.035150097661290326,-0.0013514187903225783,0.42180117193548394,-0.01621702548387094,0.1406003906451613,-0.005405675161290313,2.774193548387097,1.8387096774193548,465.84677419354836,5317.443548387097,5783.290322580646,4.579916385166298,4.049650339306977
41,600837.SH,0.032595081919565776,0.004683402721858182,0.008553854782608696,0.0013927764130434819,0.10264625739130435,0.016713316956521784,0.034215419130434785,0.0055711056521739275,2.130434782608696,1.173913043478261,522.7660869565218,2910.798260869566,3433.564347826087,0.8079692496222713,0.651156558551385
42,600332.SH,0.02495404362235696,0.0003189399824128946,0.00668156867647059,-2.3269558823531042e-05,0.08017882411764708,-0.0002792347058823725,0.02672627470588236,-9.307823529412417e-05,1.5294117647058822,0.6470588235294118,376.444705882353,3420.5600000000004,3797.004705882352,0.7031116868170485,0.5703453234290401
43,601633.SH,0.13430816986509708,0.015943328413656588,0.036654639276315786,0.0046608619078947365,0.4398556713157894,0.055930342894736834,0.14661855710526314,0.018643447631578946,2.3947368421052633,1.4736842105263157,493.5178947368421,5089.61,5583.127894736843,1.696709573341396,1.4500399056403577
44,600775.SH,-0.0468967449253601,0.030208074310094243,-0.0160457140625,0.009869273437499994,-0.19254856875,0.11843128124999994,-0.06418285625,0.03947709374999998,2.125,1.125,438.39000000000004,3589.32125,4027.71125,-1.4202866210670273,-1.491589811057397
45,601336.SH,-0.06455378664296935,-0.001227680399009982,-0.022780900972222223,-0.0004599498611111071,-0.27337081166666666,-0.005519398333333285,-0.09112360388888889,-0.0018397994444444283,1.6666666666666667,0.7777777777777778,366.27000000000004,3951.29,4317.56,-2.9336470974656033,-3.1165641945921205
46,601318.SH,0.004459140516087221,0.0010796643930213099,0.0012763796428571425,0.00030428455357142854,0.01531655571428571,0.0036514146428571425,0.00510551857142857,0.0012171382142857142,4.357142857142857,3.4642857142857144,640.7492857142857,6424.328214285714,7065.077499999999,0.19357623051114065,0.16863608185017
47,601601.SH,-0.004315642651627705,0.005689186642711394,-0.0019368604499999992,0.0017912496999999985,-0.02324232539999999,0.02149499639999998,-0.007747441799999997,0.007164998799999994,3.18,2.26,515.3916,5332.1140000000005,5847.5056,-0.1398934930069531,-0.19028650258727967
48,600016.SH,0.0017034085460332158,-0.0005067554239419978,0.00048217636363636355,-0.00020351806818181943,0.005786116363636362,-0.002442216818181833,0.0019287054545454542,-0.0008140722727272777,2.0,1.0454545454545454,476.7204545454546,3106.8036363636365,3583.524090909091,0.09442540546131342,0.08012205923083245
49,601628.SH,0.0780695542490233,0.012565377867491073,0.024168950454545448,0.0038960831818181853,0.29002740545454536,0.046752998181818224,0.09667580181818179,0.015584332727272741,2.272727272727273,1.2727272727272727,377.84,5073.6618181818185,5451.501818181819,1.4847160853637424,1.3862266102911578
50,601618.SH,0.012456521987639246,-0.004563326743478889,0.0022030774999999988,-0.001611146406250003,0.026436929999999983,-0.019333756875000035,0.008812309999999995,-0.006444585625000012,1.75,0.75,318.2475,3678.6362500000005,3996.88375,0.4305946059921635,0.2279663039523646
51,601390.SH,0.022233202390443463,0.010780637747027666,0.007010405,0.00325766,0.08412486,0.03909192,0.02804162,0.01303064,1.6,0.6,421.27,3404.5480000000002,3825.8179999999993,0.3848122258883311,0.36994639476732233
52,601800.SH,0.035034233534893336,0.011077065457283063,0.009624499596774194,0.003478453951612903,0.11549399516129033,0.04174144741935484,0.03849799838709678,0.013913815806451612,2.0,1.032258064516129,413.82161290322586,3471.996774193549,3885.818387096774,0.7917058995076621,0.6697426961687832
53,601992.SH,-0.050277719685169295,-0.006892729068454695,-0.01765155075,-0.0025154534999999993,-0.21181860900000002,-0.030185441999999993,-0.070606203,-0.010061813999999997,1.75,0.8,389.71449999999993,3505.1565,3894.871,-1.1204485476587913,-1.182755621397097
54,601238.SH,-0.04186216733371701,-0.006519794588498874,-0.015238262500000002,-0.0023468648275862063,-0.18285915000000003,-0.028162377931034474,-0.06095305000000001,-0.009387459310344825,1.8275862068965518,0.8620689655172413,448.778275862069,3286.3137931034485,3735.092068965518,-1.0474873378957492,-1.156456695076196
55,601186.SH,-0.003184224464601169,0.0017377114786575685,-0.0015725840909090905,0.0005308690909090943,-0.018871009090909087,0.006370429090909131,-0.006290336363636362,0.002123476363636377,1.5909090909090908,0.6363636363636364,354.17590909090904,3329.588181818182,3683.7640909090915,-0.1487480069405598,-0.22182226806968106
56,601766.SH,-0.0011784277676386797,0.006494838423689318,-0.0006392462068965519,0.0021016825862069,-0.007670954482758622,0.0252201910344828,-0.0025569848275862075,0.0084067303448276,1.896551724137931,1.0344827586206897,425.96413793103443,4022.347586206897,4448.3117241379305,-0.04980436967074299,-0.08208419514598414
57,601898.SH,-0.02588800879091932,0.000683381489059387,-0.009182071875000001,0.00016605260416666982,-0.11018486250000001,0.001992631250000038,-0.036728287500000005,0.0006642104166666793,2.2083333333333335,1.25,464.575,3938.710416666667,4403.285416666667,-1.0644507276180442,-1.1465631492036603
58,601808.SH,0.020307933797898997,0.0029202029030288177,0.00569708632352941,0.00048502750000000176,0.06836503588235293,0.005820330000000021,0.02278834529411764,0.001940110000000007,2.0588235294117645,1.0588235294117647,502.1229411764706,3709.8852941176474,4212.008235294117,0.2907161389898315,0.2512453504592885
59,601717.SH,0.0260862968556404,0.030379268398110008,0.0077312446022727264,0.009699627329545452,0.09277493522727272,0.11639552795454543,0.030924978409090906,0.03879850931818181,3.0681818181818183,2.2045454545454546,579.6943181818182,4177.4002272727275,4757.094545454545,0.467443751030117,0.42067213530624153
60,601919.SH,0.11302439740623296,-0.022428345869845205,0.031001257166666664,-0.007693545999999999,0.372015086,-0.09232255199999999,0.12400502866666666,-0.030774183999999996,1.2333333333333334,0.3333333333333333,307.99033333333335,3022.6993333333326,3330.6896666666667,2.92582051403912,2.4206941938195867
61,603993.SH,-0.010862822156712667,0.004103436409007873,-0.006200978365384616,0.0012345693269230798,-0.0744117403846154,0.014814831923076957,-0.024803913461538464,0.004938277307692319,2.269230769230769,1.2692307692307692,449.9184615384615,3991.3919230769234,4441.3103846153845,-0.3056816815228797,-0.5311959534601598
62,688366.SH,0.07388670754291571,0.03452519753206692,0.018246404444444444,0.009769683055555561,0.2189568533333333,0.11723619666666674,0.07298561777777778,0.039078732222222246,3.2222222222222223,2.2222222222222223,674.7733333333333,4854.473333333333,5529.246666666667,0.5293195926679329,0.43189448584535683
63,601326.SH,0.034947890267188544,0.02537657935016539,0.011111010694444444,0.008242374583333332,0.13333212833333333,0.09890849499999999,0.044444042777777776,0.032969498333333326,4.055555555555555,3.111111111111111,689.236111111111,6904.095,7593.331111111111,0.9151408525481949,0.8906947904969365
64,600875.SH,0.06121031402963739,0.005317082824705864,0.018484371458333333,0.0012205813541666711,0.2218124575,0.014646976250000054,0.07393748583333333,0.0048823254166666845,1.6666666666666667,0.75,400.8908333333334,3764.502916666667,4165.39375,0.8244319401781839,0.7763776790138979
65,601607.SH,-0.0411201858947674,-0.053046319982855285,-0.014112475,-0.018100905833333323,-0.1693497,-0.2172108699999999,-0.0564499,-0.07240362333333329,2.3333333333333335,1.3333333333333333,328.78333333333336,3781.3033333333333,4110.086666666667,-1.1902031588550228,-1.1834645831055992
66,600860.SH,0.024541935511913433,0.07261864472846918,0.005192982287234041,0.02179235941489362,0.06231578744680849,0.26150831297872346,0.020771929148936163,0.08716943765957448,3.4468085106382977,2.574468085106383,702.3927659574468,6493.981489361703,7196.37425531915,0.16790305724456173,0.11937020369020018
67,600871.SH,-0.0125431359226576,-0.009029270877277404,-0.0050477207291666675,-0.003277374166666665,-0.06057264875000001,-0.03932848999999998,-0.02019088291666667,-0.01310949666666666,2.0,1.0833333333333333,417.9875,4049.8050000000003,4467.7925,-0.2553009212829657,-0.3081000708948262
68,601880.SH,-0.0063290140888288505,-0.00023133497560571167,-0.00258204625,-0.0001588690624999949,-0.030984555,-0.0019064287499999388,-0.010328185,-0.0006354762499999796,1.2083333333333333,0.2916666666666667,177.3770833333333,3557.2362500000004,3734.6133333333332,-0.22738339048112852,-0.279828604293542
69,600874.SH,0.025232712776772737,-0.006568047871837612,0.007582207749999998,-0.0024358823749999993,0.09098649299999997,-0.02923058849999999,0.030328830999999994,-0.009743529499999997,1.65,0.7,370.1620000000001,4018.2565000000004,4388.4185,0.526766591863991,0.4764663721686388
70,601857.SH,0.04456218471467688,0.006256412943427416,0.013851085299999996,0.001891912500000001,0.16621302359999995,0.022702950000000013,0.055404341199999985,0.007567650000000004,1.84,0.84,370.2036,3401.5135999999998,3771.7172000000005,1.0457935825509834,0.9868682453235488
71,601005.SH,-0.013239511727264688,0.001624098336908756,-0.0052629268421052625,0.0003682680921052669,-0.06315512210526315,0.004419217105263202,-0.02105170736842105,0.0014730723684210675,1.5526315789473684,0.6578947368421053,369.7497368421053,3109.613947368421,3479.3636842105266,-0.324182093358052,-0.3965486956708208
72,601333.SH,0.05255444037852486,-0.0022751285864737736,0.016653035,-0.0008612149999999962,0.19983642000000001,-0.010334579999999954,0.06661214,-0.003444859999999985,0.8333333333333334,0.0,227.76166666666668,3032.978333333333,3260.74,1.5688423753954985,1.5068648533800422
73,601727.SH,-0.02858536350614685,-0.02705771515064846,-0.009761327083333335,-0.009148989166666663,-0.11713592500000003,-0.10978786999999995,-0.03904530833333334,-0.03659595666666665,1.5,0.5,364.125,3586.2975,3950.422499999999,-1.3527619721621504,-1.3684514283031952
74,601107.SH,-0.004286534156513779,0.006094031121681431,-0.0016747159,0.0019657072000000024,-0.0200965908,0.02358848640000003,-0.0066988636,0.00786282880000001,2.64,1.76,496.3824000000001,4950.5264,5446.9088,-0.17744958705392422,-0.20901742268949688
75,601111.SH,0.026438603400491468,0.014960973671172969,0.008074245965909091,0.004675245227272725,0.0968909515909091,0.056102942727272696,0.032296983863636365,0.0187009809090909,3.090909090909091,2.2045454545454546,602.4347727272727,6069.854318181818,6672.289090909092,0.49455385936554797,0.47243598076603505
76,601600.SH,0.014320369821074319,-0.008175314091682496,0.002592792499999998,-0.0029878369444444417,0.031113509999999976,-0.0358540433333333,0.010371169999999992,-0.011951347777777767,1.5555555555555556,0.5555555555555556,291.9777777777778,3417.2166666666667,3709.1944444444443,0.2806243696144965,0.15354219554109946
77,600635.SH,-0.030298275499822114,0.020402210986964858,-0.010520525416666668,0.006681261249999991,-0.126246305,0.0801751349999999,-0.04208210166666667,0.026725044999999965,0.8333333333333334,0.16666666666666666,366.51833333333326,1970.8466666666666,2337.3650000000002,-1.047204122303257,-1.1164349561670905
78,601038.SH,0.0002494872970664999,-0.005528075309343516,-0.0011169619444444437,-0.0019797734027777758,-0.013403543333333325,-0.02375728083333331,-0.004467847777777775,-0.007919093611111103,1.75,0.8055555555555556,399.8936111111111,3390.7386111111114,3790.6322222222225,0.007088164050953292,-0.09544550927261627
79,601088.SH,0.005931338634237332,-0.0039308145309524195,0.0016254420108695654,-0.001409191467391302,0.019505304130434786,-0.016910297608695626,0.006501768043478262,-0.005636765869565208,1.891304347826087,1.0,403.64021739130436,4081.2208695652175,4484.861086956522,0.1962058632140239,0.16363649334300817
80,601865.SH,-0.04485347629143585,-0.012002267248848978,-0.015573750166666667,-0.004165143499999995,-0.18688500200000002,-0.04998172199999994,-0.06229500066666667,-0.01666057399999998,1.4,0.5333333333333333,360.1219999999999,2969.550666666667,3329.6726666666664,-1.1940065327154128,-1.238967540104157
81,603127.SH,-0.07117497097831174,0.03409491545159284,-0.026444012,0.010807711000000001,-0.317328144,0.12969253200000003,-0.105776048,0.043230844000000004,1.4,0.4,434.06000000000006,1844.598,2278.6580000000004,-0.9714600906634697,-1.1391065626858956
82,601375.SH,-0.02195321452854538,0.0007214649234033171,-0.007815411093749999,0.00020213546875000625,-0.09378493312499998,0.002425625625000075,-0.031261644374999994,0.000808541875000025,1.75,0.75,332.9475,4139.834374999999,4472.781875000001,-1.14360885167371,-1.2228313387148981
83,601330.SH,0.0012639514710162225,-0.008774847034620692,-0.00015421474999999935,-0.0029745707499999967,-0.0018505769999999921,-0.03569484899999996,-0.0006168589999999974,-0.011898282999999987,1.6,0.8,327.706,3696.0369999999994,4023.743,0.06312283861784852,-0.022856487036789955
84,601068.SH,0.10684324188173862,0.02086942330664492,0.03026984272727273,0.005982715340909093,0.36323811272727274,0.07179258409090912,0.12107937090909092,0.023930861363636372,1.5454545454545454,0.6363636363636364,458.86181818181814,3865.1050000000005,4323.966818181819,1.107510898167441,0.9715310977792018
85,601456.SH,-0.026744640115185604,-0.05624633829205157,-0.0102614335,-0.019557410999999997,-0.123137202,-0.23468893199999996,-0.041045734,-0.07822964399999999,1.8,0.8,439.91799999999995,3292.9080000000004,3732.8259999999996,-0.39938083679726866,-0.4383446626853619
86,601066.SH,-0.013461595523342727,0.0058238683701185385,-0.005605402083333335,0.0018171130555555558,-0.06726482500000001,0.02180535666666667,-0.02242160833333334,0.007268452222222223,1.5,0.5555555555555556,343.365,2914.767777777778,3258.132777777778,-0.3941498303949999,-0.4962786348793066
87,601869.SH,-0.04218798033196326,0.0038908024436875065,-0.014606950769230768,0.0012097517307692286,-0.1752834092307692,0.014517020769230744,-0.05842780307692307,0.004839006923076914,1.5384615384615385,0.6153846153846154,429.34076923076924,2443.3500000000004,2872.690769230769,-1.4600384427744693,-1.5159784311636486
88,603259.SH,0.06454315525630455,0.030395783106837507,0.018403086250000002,0.00975782895833333,0.22083703500000001,0.11709394749999996,0.07361234500000001,0.03903131583333332,5.708333333333333,4.875,952.3141666666667,9597.307916666667,10549.622083333334,1.221056132207596,1.0885567337741122
89,601298.SH,0.004475118608865521,-0.0004055733036998285,0.00138551046875,-0.0001594432812500031,0.016626125624999998,-0.0019133193750000372,0.005542041875,-0.0006377731250000124,1.5625,0.625,323.97562500000004,3482.3337500000002,3806.3093750000003,0.29146365820694403,0.272908547013026
90,601077.SH,-0.042580049652943625,-0.0030403915484124577,-0.014445939999999999,-0.0010148106249999813,-0.17335128,-0.012177727499999777,-0.057783759999999997,-0.004059242499999925,1.0,0.0,35.3925,3657.56,3692.9525000000003,-21.860759984006002,-22.197801712499597
91,601916.SH,-0.015530711739093178,0.000698697971013032,-0.005255986875,0.00020954718750000319,-0.0630718425,0.0025145662500000382,-0.0210239475,0.0008381887500000127,1.75,0.75,384.7637500000001,3219.0337499999996,3603.7974999999997,-1.0045917835698221,-1.0180879991212497
92,601319.SH,-0.0024224121867454096,0.005026520945237395,-0.001378843749999999,0.0015586793750000066,-0.016546124999999988,0.018704152500000078,-0.005515374999999996,0.0062347175000000265,1.0,0.0,307.62,3096.1549999999997,3403.7750000000005,-0.06480803384361727,-0.11187423306988911
93,688505.SH,-0.02344958336813263,0.03287629050985578,-0.008290730833333333,0.010538275833333326,-0.09948876999999999,0.1264593099999999,-0.03316292333333333,0.0421531033333333,2.0,1.0,400.7733333333333,4812.043333333333,5212.816666666667,-0.3555840716810294,-0.38746749955888005
94,601598.SH,0.11939110613168948,0.0001983485544769422,0.037126252500000005,-0.00048410958333332976,0.44551503000000003,-0.005809314999999957,0.14850501000000002,-0.001936438333333319,2.5,1.5,442.0,4585.356666666667,5027.356666666667,1.5268774725764536,1.4490513552259539
95,601963.SH,0.01474666183614376,0.0005280767627472149,0.00486876125,0.00016617312499999994,0.058425135,0.0019940774999999992,0.019475045,0.0006646924999999998,1.0,0.0,366.85749999999996,2988.82,3355.6775000000002,1.3597302486119358,1.344922901790103
96,600956.SH,-0.020304947301609852,-0.01875811854960044,-0.0072080490625,-0.006323719687499995,-0.08649658875,-0.07588463624999994,-0.02883219625,-0.02529487874999998,1.0,0.0,369.7575,1165.24625,1535.00375,-1.1436231747764125,-1.205539747033898
97,601658.SH,-0.019633185116249563,-0.0043573657558863,-0.0065876975,-0.001454569999999975,-0.07905237,-0.0174548399999997,-0.02635079,-0.0058182799999999,1.0,0.0,367.93,1521.91,1889.84,,
98,688009.SH,0.011449988116806226,0.003405387863752607,0.003484962499999999,0.0011278312499999937,0.04181954999999999,0.013533974999999924,0.013939849999999997,0.004511324999999975,1.75,1.0,524.2925,4131.077499999999,4655.37,1.3432363497376394,1.2303828460518795
99,688185.SH,-0.2417318545180177,0.03321377633901923,-0.08817234874999999,0.010950178750000001,-1.0580681849999998,0.13140214500000003,-0.35268939499999996,0.043800715000000004,2.0,1.0,467.03499999999997,1210.23,1677.265,-65.33996585497225,-73.07322816961144
100,601995.SH,-0.057989212695607785,-0.03500222684333043,-0.019885421666666667,-0.01182909999999999,-0.23862506,-0.1419491999999999,-0.07954168666666667,-0.04731639999999996,1.0,0.0,206.21333333333334,3660.353333333334,3866.566666666667,-3.3916226619674337,-3.4186070106009914
101,688385.SH,-0.20945261556109773,-0.032732049614608516,-0.07542832000000001,-0.011033175,-0.9051398400000001,-0.1323981,-0.30171328000000003,-0.0441327,2.0,1.0,300.1766666666667,4201.106666666667,4501.283333333334,-52.695011647211864,-55.71843394980297
102,600188.SH,0.017599212865855175,0.018662796376733914,0.0049932415,0.006089799,0.059918898000000005,0.073077588,0.019972966,0.024359196,1.6,0.7,463.5450000000001,2974.514,3438.059,0.5664160947297333,0.4905630617030785
103,605198.SH,0.03961457785542466,-0.03493984626235591,0.01303423,-0.011784955,0.15641076,-0.14141946,0.05213692,-0.04713982,2.0,1.0,380.18,1973.33,2353.51,,
104,600876.SH,0.039534646153975735,0.024732492540354176,0.011043804166666667,0.007475281363636367,0.13252565,0.0897033763636364,0.04417521666666667,0.029901125454545468,2.878787878787879,1.9393939393939394,669.2521212121212,5862.487575757576,6531.739696969697,0.4734058746861957,0.4100035728320501
